Backdoor.Win32.GrayBird.d,6,1091599297,0,0,271,224,4096,4096,45056,427481,33792,512,16777216,0,267,5,7,5,4,1,0,1,0,16,4096,39424,1024,4096,1048576,16777216,341504,4096,262144,0,2,23117,4,64,0,65535,0,208,0,0,0,3,144,184,1,1,1,1,0,0,0,0,0,0,0,0,0,0,1
Backdoor.Win32.GrayBird.l,3,1200486617,0,0,33167,224,411185,233472,413696,0,0,512,4194304,0,267,0,2,4,4,0,0,0,0,16,4096,180224,4096,4096,1048576,4194304,4096,16384,1048576,229376,2,23117,4,64,0,65535,0,256,0,26,15,2,80,184,1,1,1,1,0,0,1,0,0,0,0,0,0,1,1
Backdoor.Win32.PcClient.fsx,4,1189850806,0,0,271,224,16428,4096,8192,0,0,512,4194304,0,267,0,6,4,4,0,0,0,0,16,4096,4096,1024,4096,1048576,4194304,4096,4096,1048576,0,2,23117,4,64,0,65535,0,216,0,0,0,3,144,184,1,1,1,1,0,0,0,0,0,0,0,0,0,0,1
Backdoor.Win32.PcClient.fvc,5,1195994656,0,0,8462,224,68154,4096,73728,0,0,512,268435456,0,267,0,6,4,4,0,0,0,0,16,4096,68096,1024,4096,1048576,268435456,18944,4096,1048576,0,2,23117,4,64,0,65535,0,248,0,0,0,3,144,184,0,1,1,1,0,0,0,0,0,0,0,1,0,0,1
Backdoor.Win32.PcClient.fvd,3,1195993991,0,0,271,224,9551,4096,12288,0,0,512,4194304,0,267,0,6,4,4,0,0,0,0,16,4096,6144,1024,4096,1048576,4194304,6656,4096,1048576,0,2,23117,4,64,0,65535,0,224,0,0,0,3,144,184,1,1,1,1,0,0,0,0,0,0,0,0,0,0,1
Backdoor.Win32.PcClient.fvu,3,1195993991,0,0,271,224,9991,4096,12288,0,0,512,4194304,0,267,0,6,4,4,0,0,0,0,16,4096,6144,1024,4096,1048576,4194304,6656,4096,1048576,0,2,23117,4,64,0,65535,0,224,0,0,0,3,144,184,1,1,1,1,0,0,0,0,0,0,0,0,0,0,1
Trojan-Downloader.Win32.Agent.gam,5,1208875909,0,0,8462,224,16440,4096,24576,0,0,512,268435456,0,267,0,6,4,4,0,0,0,0,16,4096,20480,1024,4096,1048576,268435456,20480,4096,1048576,0,2,23117,4,64,0,65535,0,224,0,0,0,3,144,184,0,1,1,1,0,0,0,0,0,0,0,1,0,0,1
Trojan-Downloader.Win32.Agent.gcs,3,1197895289,0,0,271,224,6409,4096,8192,38292,0,512,4194304,0,267,0,5,4,4,0,12,0,0,16,4096,3072,512,4096,1048576,4194304,25600,4096,1048576,0,2,23117,4,64,0,65535,0,128,0,0,0,3,144,184,1,1,1,1,0,0,0,0,0,0,0,0,0,0,1
Trojan-Downloader.Win32.Agent.ge,6,1113133328,0,0,8462,224,4502,4096,36864,0,0,512,268435456,0,267,0,2,1,4,0,55,0,0,16,4096,29696,1024,4096,1048576,268435456,8704,4096,1048576,3072,2,23117,4,64,0,65535,0,128,0,0,0,3,144,184,0,1,1,1,0,0,0,0,0,0,0,1,0,0,1
Trojan-Downloader.Win32.Exchanger.adh,3,1216544380,0,0,259,224,47360,4096,61440,128482,0,4096,4194304,0,267,0,8,4,4,0,0,0,0,16,4096,57344,4096,4096,1048576,4194304,28672,4096,1048576,0,2,23117,4,64,0,65535,0,232,0,0,0,3,144,184,1,1,0,0,0,0,0,0,0,0,0,0,0,0,1
Trojan-Downloader.Win32.Exchanger.be,4,1211017415,0,0,259,224,42430,4096,61440,0,0,4096,4194304,0,267,0,8,4,4,0,0,0,0,16,4096,57344,4096,4096,1048576,4194304,28672,4096,1048576,0,2,23117,4,64,0,65535,0,232,0,0,0,3,144,184,1,1,0,0,0,0,0,0,0,0,0,0,0,0,1
Trojan-Downloader.Win32.Exchanger.bx,3,1211896159,0,0,259,224,12476,4096,61440,0,0,4096,4194304,0,267,0,8,4,4,0,0,0,0,16,4096,57344,4096,4096,1048576,4194304,28672,4096,1048576,0,2,23117,4,64,0,65535,0,232,0,0,0,3,144,184,1,1,0,0,0,0,0,0,0,0,0,0,0,0,1
Trojan-Downloader.Win32.Exchanger.cp,3,1212338547,0,0,259,224,20291,4096,61440,0,0,4096,4194304,0,267,0,8,4,4,0,0,0,0,16,4096,57344,4096,4096,1048576,4194304,28672,4096,1048576,0,2,23117,4,64,0,65535,0,232,0,0,0,3,144,184,1,1,0,0,0,0,0,0,0,0,0,0,0,0,1
Trojan-Downloader.Win32.Exchanger.dg,3,1212686699,0,0,259,224,19726,4096,61440,0,0,4096,4194304,0,267,0,8,4,4,0,0,0,0,16,4096,57344,4096,4096,1048576,4194304,28672,4096,1048576,0,2,23117,4,64,0,65535,0,232,0,0,0,3,144,184,1,1,0,0,0,0,0,0,0,0,0,0,0,0,1
Trojan-GameThief.Win32.OnLineGames.mrz,2,4096,8,0,33166,224,71163,4096,12288,0,0,512,4194304,0,267,0,0,4,4,0,57,0,0,16,4096,7168,512,4096,1048576,4194304,26624,16384,1048576,0,2,23117,12851,29281,16739,19532,26956,64,25697,16761,17454,20050,17739,28492,0,1,1,1,0,0,1,0,0,0,0,0,0,1,1
Trojan-GameThief.Win32.OnLineGames.mti,5,1199187649,0,0,8462,224,23359,4096,24576,0,0,512,268435456,0,267,0,6,4,4,0,0,0,0,16,4096,19456,1024,4096,1048576,268435456,9728,4096,1048576,0,2,23117,4,64,0,65535,0,224,0,0,0,3,144,184,0,1,1,1,0,0,0,0,0,0,0,1,0,0,1
Trojan-Proxy.Win32.Agent.dt,3,1109635058,0,0,8462,224,30570,4096,32768,0,0,512,268435456,0,267,0,6,4,4,0,0,0,0,16,4096,28672,1024,4096,1048576,268435456,108544,4096,1048576,0,2,23117,4,64,0,65535,0,240,0,0,0,3,144,184,0,1,1,1,0,0,0,0,0,0,0,1,0,0,1
Trojan-Proxy.Win32.Agent.fm,3,1109349999,0,0,8462,224,30490,4096,32768,0,0,512,268435456,0,267,0,6,4,4,0,0,0,0,16,4096,28160,4096,4096,1048576,268435456,108032,4096,1048576,0,2,23117,4,64,0,65535,0,224,0,0,0,3,144,184,0,1,1,1,0,0,0,0,0,0,0,1,0,0,1
Trojan-Proxy.Win32.Agent.if,6,1137274856,0,0,259,224,4096,4096,61440,108761,0,512,4194304,0,267,0,8,4,4,0,0,0,0,16,4096,57344,4096,4096,1048576,4194304,24576,4096,1048576,0,2,23117,4,64,0,65535,0,224,0,0,0,3,144,184,1,1,0,0,0,0,0,0,0,0,0,0,0,0,1
1394bus.sys,9,1200722007,0,0,258,224,48389,1280,34432,57466,8192,128,65536,0,267,6,8,6,1,0,0,0,10,16,128,47744,1280,4096,1048576,65536,4352,4096,262144,0,1,23117,4,64,0,65535,0,600,0,0,0,3,144,184,0,1,0,0,0,0,0,0,0,0,0,0,0,0,0
4mmdat.sys,6,1200721796,0,0,258,224,24581,4096,16384,77554,1024,512,65536,0,267,6,8,6,6,0,0,0,0,16,4096,10240,1024,4096,1048576,65536,2560,4096,262144,0,1,23117,4,64,0,65535,0,200,0,0,0,3,144,184,0,1,0,0,0,0,0,0,0,0,0,0,0,0,0
61883.sys,8,1200722011,0,0,258,224,41251,1280,39168,58937,8192,128,65536,0,267,6,8,6,1,0,0,0,10,16,128,40448,1280,4096,1048576,65536,3968,4096,262144,0,1,23117,4,64,0,65535,0,608,0,0,0,3,144,184,0,1,0,0,0,0,0,0,0,0,0,0,0,0,0
aaclient.dll,4,1200727584,0,0,8450,224,58334,4096,126976,191026,320,512,1170210816,0,267,6,8,6,5,0,0,0,1,16,4096,119296,1024,4096,1048576,1170210816,20992,4096,262144,0,3,23117,4,64,0,65535,0,232,0,0,0,3,144,184,0,1,0,0,0,0,0,0,0,0,0,1,0,0,0
aaedge.dll,4,1200727584,0,0,8450,224,71463,4096,167936,250792,320,512,1140850688,0,267,6,8,6,6,0,0,0,0,16,4096,163840,1024,4096,1048576,1140850688,31232,4096,262144,0,3,23117,4,64,0,65535,0,240,0,0,0,3,144,184,0,1,0,0,0,0,0,0,0,0,0,1,0,0,0
aagmmc.dll,3,1200727585,0,0,8462,224,1148094,8192,1155072,1167256,1024,4096,1602289664,0,267,0,8,4,4,0,0,0,0,16,8192,1142784,4096,4096,1048576,1602289664,8192,4096,1048576,0,3,23117,4,64,0,65535,0,128,0,0,0,3,144,184,0,1,1,1,0,0,0,0,0,0,0,1,0,0,0
aagmmc.resources.dll,3,1200728507,0,0,8462,224,714478,8192,720896,760554,1024,4096,4194304,0,267,0,8,4,4,0,0,0,0,16,8192,708608,4096,4096,1048576,4194304,8192,4096,1048576,0,3,23117,4,64,0,65535,0,128,0,0,0,3,144,184,0,1,1,1,0,0,0,0,0,0,0,1,0,0,0
AagMmcRes.dll,1,1200722522,0,0,8450,224,0,4096,4096,103645,1344,512,4194304,0,267,6,8,6,6,0,0,0,0,16,4096,0,512,4096,1048576,4194304,95232,4096,262144,0,2,23117,4,64,0,65535,0,176,0,0,0,3,144,184,0,1,0,0,0,0,0,0,0,0,0,1,0,0,0
aagwmi.dll,4,1200727587,0,0,8450,224,145177,4096,360448,422066,320,512,531234816,0,267,6,8,6,6,0,0,0,0,16,4096,353280,1024,4096,1048576,531234816,39936,4096,262144,0,3,23117,4,64,0,65535,0,232,0,0,0,3,144,184,0,1,0,0,0,0,0,0,0,0,0,1,0,0,0
aagwrapper.dll,4,1200727588,0,0,8450,224,49688,4096,53248,104433,320,512,1455882240,0,267,6,8,6,6,0,0,0,0,16,4096,48128,1024,4096,1048576,1455882240,4096,4096,262144,0,3,23117,4,64,0,65535,0,240,0,0,0,3,144,184,0,1,0,0,0,0,0,0,0,0,0,1,0,0,0
aatspp.dll,4,1200727589,0,0,8450,224,37372,4096,69632,136541,320,512,671088640,0,267,6,8,6,6,0,0,0,0,16,4096,65024,1024,4096,1048576,671088640,9728,4096,262144,0,3,23117,4,64,0,65535,0,240,0,0,0,3,144,184,0,1,0,0,0,0,0,0,0,0,0,1,0,0,0
abocomp.dll,4,1200727590,0,0,8450,224,36895,4096,192512,259332,320,512,1849688064,0,267,6,8,6,6,0,0,0,0,16,4096,190464,1024,4096,1048576,1849688064,18432,4096,262144,0,3,23117,4,64,0,65535,0,224,0,0,0,3,144,184,0,1,0,0,0,0,0,0,0,0,0,1,0,0,0
ac97intc.sys,7,1126895429,0,0,258,224,106501,4096,16384,145008,1024,512,65536,0,267,6,8,6,6,0,0,0,0,16,4096,75264,1024,4096,1048576,65536,32256,4096,262144,0,1,23117,4,64,0,65535,0,224,0,0,0,3,144,184,0,1,0,0,0,0,0,0,0,0,0,0,0,0,0
ac97via.sys,7,1101155395,0,0,270,224,114688,4096,32768,106669,1024,512,65536,0,267,5,7,5,5,2,10,2,2,16,4096,53760,1024,4096,1048576,65536,54272,4096,262144,0,1,23117,4,64,0,65535,0,224,0,0,0,3,144,184,0,1,1,1,0,0,0,0,0,0,0,0,0,0,0
Accessibility.dll,3,1196915536,0,0,8462,224,16318,8192,16384,55230,1024,512,1610612736,0,267,0,8,4,4,0,0,0,0,16,8192,8192,512,4096,1048576,1610612736,2048,4096,1048576,0,3,23117,4,64,0,65535,0,128,0,0,0,3,144,184,0,1,1,1,0,0,0,0,0,0,0,1,0,0,0
Accessibility.ni.dll,8,1196915536,0,0,8462,224,0,8192,16384,0,1024,512,1610612736,0,267,0,8,4,4,0,0,0,0,16,8192,10752,1024,4096,1048576,1610612736,15360,4096,1048576,0,3,23117,4,64,0,65535,0,128,0,0,0,3,144,184,0,1,1,1,0,0,0,0,0,0,0,1,0,0,0
accessibilitycpl.dll,4,1200727591,0,0,8450,224,160697,4096,405504,2534364,320,512,932773888,0,267,6,8,6,6,0,0,0,0,16,4096,398848,1024,4096,1048576,932773888,2128896,4096,262144,0,2,23117,4,64,0,65535,0,224,0,0,0,3,144,184,0,1,0,0,0,0,0,0,0,0,0,1,0,0,0
ACCTRES.dll,1,1162452490,0,0,8450,224,0,4096,4096,100476,1344,512,4194304,0,267,6,8,6,6,0,0,0,0,16,4096,0,512,4096,1048576,4194304,38912,4096,262144,0,2,23117,4,64,0,65535,0,176,0,0,0,3,144,184,0,1,0,0,0,0,0,0,0,0,0,1,0,0,0
AcGenral.dll,4,1200727593,0,0,8450,224,19828,4096,479232,2164883,320,512,1969094656,0,267,6,8,6,6,0,0,0,0,16,4096,473088,1536,4096,1048576,1969094656,1688064,4096,262144,0,3,23117,4,64,0,65535,0,224,0,0,0,3,144,184,0,1,0,0,0,0,0,0,0,0,0,1,0,0,0
aciniupd.exe,4,1200722503,0,0,258,224,14865,4096,20480,75537,33088,512,16777216,0,267,6,8,6,6,0,0,0,0,16,4096,13824,1024,4096,1048576,16777216,10752,8192,262144,0,3,23117,4,64,0,65535,0,216,0,0,0,3,144,184,0,1,0,0,0,0,0,0,0,0,0,0,0,0,0
AcLayers.dll,4,1200727594,0,0,8450,224,13581,4096,417792,581915,320,512,1941962752,0,267,6,8,6,6,0,0,0,0,16,4096,412160,1024,4096,1048576,1941962752,134656,4096,262144,0,3,23117,4,64,0,65535,0,224,0,0,0,3,144,184,0,1,0,0,0,0,0,0,0,0,0,1,0,0,0
