2tle01af.exe,8,1349772502,0,0,33167,224,62396,4096,65536,3319293,32768,512,4194304,0,267,6,2,5,5,0,25,0,0,16,4096,60416,1024,4096,1048576,4194304,52736,16384,1048576,0,2,23117,4,64,0,65535,0,256,0,26,15,2,80,184,1,1,1,1,0,0,1,0,0,0,0,0,0,1,0
2tli03af.exe,8,708992537,0,0,33167,224,42488,4096,45056,3992183,32768,512,4194304,0,267,6,2,1,4,0,25,0,0,16,4096,40448,1024,4096,1048576,4194304,17920,16384,1048576,0,2,23117,4,64,0,65535,0,256,0,26,15,2,80,184,1,1,1,1,0,0,1,0,0,0,0,0,0,1,0
2tlj01af.exe,8,1349772502,0,0,33167,224,62396,4096,65536,6483150,32768,512,4194304,0,267,6,2,5,5,0,25,0,0,16,4096,60416,1024,4096,1048576,4194304,52736,16384,1048576,0,2,23117,4,64,0,65535,0,256,0,26,15,2,80,184,1,1,1,1,0,0,1,0,0,0,0,0,0,1,0
45l101af.exe,8,1349772502,0,0,33167,224,62396,4096,65536,109721876,32768,512,4194304,0,267,6,2,5,5,0,25,0,0,16,4096,60416,1024,4096,1048576,4194304,52736,16384,1048576,0,2,23117,4,64,0,65535,0,256,0,26,15,2,80,184,1,1,1,1,0,0,1,0,0,0,0,0,0,1,0
45l301af.exe,8,1349772502,0,0,33167,224,62396,4096,65536,169512777,32768,512,4194304,0,267,6,2,5,5,0,25,0,0,16,4096,60416,1024,4096,1048576,4194304,52736,16384,1048576,0,2,23117,4,64,0,65535,0,256,0,26,15,2,80,184,1,1,1,1,0,0,1,0,0,0,0,0,0,1,0
45l401af.exe,8,1349772502,0,0,33167,224,62396,4096,65536,235443233,32768,512,4194304,0,267,6,2,5,5,0,25,0,0,16,4096,60416,1024,4096,1048576,4194304,52736,16384,1048576,0,2,23117,4,64,0,65535,0,256,0,26,15,2,80,184,1,1,1,1,0,0,1,0,0,0,0,0,0,1,0
45l402af.exe,8,1459953544,0,0,33167,224,71644,4096,73728,303744297,33088,512,4194304,0,267,6,2,5,5,0,25,0,0,16,4096,66560,1024,4096,1048576,4194304,53760,16384,1048576,0,2,23117,4,64,0,65535,0,256,0,26,15,2,80,184,1,1,1,1,0,0,1,0,0,0,0,0,0,1,0
45l502af.exe,8,1349772502,0,0,33167,224,62396,4096,65536,24715485,32768,512,4194304,0,267,6,2,5,5,0,25,0,0,16,4096,60416,1024,4096,1048576,4194304,52736,16384,1048576,0,2,23117,4,64,0,65535,0,256,0,26,15,2,80,184,1,1,1,1,0,0,1,0,0,0,0,0,0,1,0
45l601af.exe,8,1349772502,0,0,33167,224,62396,4096,65536,304281489,32768,512,4194304,0,267,6,2,5,5,0,25,0,0,16,4096,60416,1024,4096,1048576,4194304,52736,16384,1048576,0,2,23117,4,64,0,65535,0,256,0,26,15,2,80,184,1,1,1,1,0,0,1,0,0,0,0,0,0,1,0
7z1604-x64.exe,4,1475593997,0,0,303,224,29204,4096,32768,0,0,512,4194304,0,267,0,6,4,4,0,0,0,0,16,4096,25600,1024,4096,1048576,4194304,18944,4096,1048576,0,2,23117,4,64,0,65535,0,240,0,0,0,3,144,184,1,1,1,1,0,1,0,0,0,0,0,0,0,0,0
adb-setup-1.4.3.exe,3,1356914318,0,0,259,224,445136,393216,450560,0,0,512,4194304,0,267,0,8,4,4,0,0,0,0,16,4096,57344,4096,4096,1048576,4194304,307200,4096,1048576,389120,2,23117,4,64,0,65535,0,96,0,0,0,1,96,184,1,1,0,0,0,0,0,0,0,0,0,0,0,0,0
adwcleaner_7.0.8.0.exe,6,1518121109,0,0,258,224,3718029,4096,4624384,8254573,33088,512,4194304,0,267,0,12,6,6,0,0,0,0,16,4096,4617728,1024,4096,1048576,4194304,3817472,4096,1048576,0,2,23117,4,64,0,65535,0,296,0,0,0,3,144,184,0,1,0,0,0,0,0,0,0,0,0,0,0,0,0
android_root.exe,8,1324390610,0,0,33167,224,91256,4096,94208,17966936,32768,512,4194304,0,267,6,2,5,5,0,25,0,0,16,4096,86016,1024,4096,1048576,4194304,53760,16384,1048576,0,2,23117,4,64,0,65535,0,256,0,26,15,2,80,184,1,1,1,1,0,0,1,0,0,0,0,0,0,1,0
AtomSetup-x64.exe,7,1481654472,0,0,258,224,41599,4096,118784,130762179,33088,512,4194304,0,267,0,14,6,6,0,0,0,0,16,4096,114688,1024,4096,1048576,4194304,130589184,4096,1048576,0,2,23117,4,64,0,65535,0,296,0,0,0,3,144,184,0,1,0,0,0,0,0,0,0,0,0,0,0,0,0
BlueStacks-Installer_BS3_native.exe,5,1290097652,0,0,271,224,79676,4096,90112,258760816,0,512,4194304,0,267,0,6,4,4,0,0,0,0,16,4096,82944,1024,4096,1048576,4194304,374272,4096,1048576,0,2,23117,4,64,0,65535,0,248,0,0,0,3,144,184,1,1,1,1,0,0,0,0,0,0,0,0,0,0,0
ChromeSetup.exe,6,1481164723,0,0,258,224,20054,4096,90112,1163450,33088,512,4194304,0,267,0,14,5,5,0,0,1,1,16,4096,84480,1024,4096,1048576,4194304,1024000,4096,1048576,0,2,23117,4,64,0,65535,0,280,0,0,0,3,144,184,0,1,0,0,0,0,0,0,0,0,0,0,0,0,0
codeblocks-16.01mingw-setup.exe,5,1451197564,0,0,271,224,12559,4096,28672,0,34112,512,4194304,0,267,6,6,4,4,0,0,0,0,16,4096,24576,1024,4096,1048576,4194304,162816,4096,1048576,1024,2,23117,4,64,0,65535,0,200,0,0,0,3,144,184,1,1,1,1,0,0,0,0,0,0,0,0,0,0,0
DH.exe,15,69305048,19456,661,263,224,4736,4096,12288,53242,0,512,4194304,0,267,1,2,4,4,0,24,0,0,16,4096,4608,1024,4096,1048576,4194304,9216,4096,2097152,512,3,23117,4,64,0,65535,0,128,0,0,0,3,144,184,1,1,1,0,0,0,0,0,0,0,0,0,0,0,0
DjVuLibre-3.5.27_DjView-4.10.4_Setup.exe,5,1260053598,0,0,271,224,13984,4096,32768,0,32768,512,4194304,0,267,6,6,4,4,0,0,0,0,16,4096,25088,1024,4096,1048576,4194304,124928,4096,1048576,1024,2,23117,4,64,0,65535,0,200,0,0,0,3,144,184,1,1,1,1,0,0,0,0,0,0,0,0,0,0,0
dotnetfx.exe,3,1091599297,0,0,271,224,25692,4096,45056,23547518,33792,512,16777216,0,267,5,7,5,4,1,10,1,0,16,4096,39424,1024,4096,1048576,16777216,23463424,4096,262144,0,2,23117,4,64,0,65535,0,208,0,0,0,3,144,184,1,1,1,1,0,0,0,0,0,0,0,0,0,0,0
DriverEasy_Setup.exe,8,1404892693,0,0,33167,224,70588,4096,73728,4080619,32768,512,4194304,0,267,6,2,5,5,0,25,0,0,16,4096,65024,1024,4096,1048576,4194304,329216,16384,1048576,0,2,23117,4,64,0,65535,0,256,0,26,15,2,80,184,1,1,1,1,0,0,1,0,0,0,0,0,0,1,0
ebook_reader_setup.exe,8,1459953544,0,0,33167,224,71644,4096,73728,29569410,33088,512,4194304,0,267,6,2,5,5,0,25,0,0,16,4096,66560,1024,4096,1048576,4194304,419328,16384,1048576,0,2,23117,4,64,0,65535,0,256,0,26,15,2,80,184,1,1,1,1,0,0,1,0,0,0,0,0,0,1,0
Firefox Installer.exe,3,1499270988,0,0,271,224,228496,172032,229376,355862,0,512,4194304,0,267,0,6,4,4,0,0,0,0,16,4096,57344,4096,4096,1048576,4194304,65536,4096,1048576,167936,2,23117,4,64,0,65535,0,224,0,0,0,3,144,184,1,1,1,1,0,0,0,0,0,0,0,0,0,0,0
GrammarlySetup.exe,5,1455654868,0,0,258,224,44416,4096,118784,48733647,33088,512,4194304,0,267,0,12,5,5,0,0,1,1,16,4096,112128,1024,4096,1048576,4194304,48559104,4096,1048576,0,2,23117,4,64,0,65535,0,256,0,0,0,3,144,184,0,1,0,0,0,0,0,0,0,0,0,0,0,0,0
gvim80-069.exe,5,1459567209,0,0,271,224,12908,4096,28672,0,32768,512,4194304,0,267,6,6,4,4,0,0,0,0,16,4096,24064,1024,4096,1048576,4194304,120320,4096,1048576,1024,2,23117,4,64,0,65535,0,200,0,0,0,3,144,184,1,1,1,1,0,0,0,0,0,0,0,0,0,0,0
itunes-backup-extractor_x64.exe,5,1412656810,0,0,271,224,12470,4096,28672,12343142,34112,512,4194304,0,267,6,6,4,4,0,0,0,0,16,4096,23552,1024,4096,1048576,4194304,117760,4096,1048576,1024,2,23117,4,64,0,65535,0,200,0,0,0,3,144,184,1,1,1,1,0,0,0,0,0,0,0,0,0,0,0
JIHO_IE_Trial7.exe,8,1459953544,0,0,33167,224,71644,4096,73728,24488931,33088,512,4194304,0,267,6,2,5,5,0,25,0,0,16,4096,66560,1024,4096,1048576,4194304,242688,16384,1048576,0,2,23117,4,64,0,65535,0,256,0,26,15,2,80,184,1,1,1,1,0,0,1,0,0,0,0,0,0,1,0
k9-webprotection.exe,5,1459567209,0,0,271,224,12908,4096,28672,1665325,32768,512,4194304,0,267,6,6,4,4,0,0,0,0,16,4096,24064,1024,4096,1048576,4194304,120320,4096,1048576,1024,2,23117,4,64,0,65535,0,200,0,0,0,3,144,184,1,1,1,1,0,0,0,0,0,0,0,0,0,0,0
k9-webprotection_2.exe,5,1459567209,0,0,271,224,12908,4096,28672,1665325,32768,512,4194304,0,267,6,6,4,4,0,0,0,0,16,4096,24064,1024,4096,1048576,4194304,120320,4096,1048576,1024,2,23117,4,64,0,65535,0,200,0,0,0,3,144,184,1,1,1,1,0,0,0,0,0,0,0,0,0,0,0
LAN.exe,12,89,16384,715,263,224,4736,4096,12288,73205,0,512,4194304,0,267,1,2,4,4,0,24,0,0,16,4096,6144,1024,4096,1048576,4194304,10240,4096,2097152,4096,3,23117,4,64,0,65535,0,128,0,0,0,3,144,184,1,1,1,0,0,0,0,0,0,0,0,0,0,0,0
lenovo-lse-disabler32.exe,5,1431936427,0,0,258,224,20760,4096,81920,151459,33088,512,4194304,0,267,0,12,6,6,0,0,0,0,16,4096,75264,1024,4096,1048576,4194304,53248,4096,1048576,0,3,23117,4,64,0,65535,0,240,0,0,0,3,144,184,0,1,0,0,0,0,0,0,0,0,0,0,0,0,0
lightworks_v14.0.0_full_64bit_setup.exe,5,1451194732,0,0,271,224,12879,4096,28672,90912119,32768,512,4194304,0,267,6,6,4,4,0,0,0,0,16,4096,24064,1024,4096,1048576,4194304,120320,4096,1048576,1024,2,23117,4,64,0,65535,0,216,0,0,0,3,144,184,1,1,1,1,0,0,0,0,0,0,0,0,0,0,0
MotorolaDeviceManager_2.5.4.exe,4,1313986166,0,0,271,224,254013,4096,421888,34267699,32768,512,4194304,0,267,0,6,4,5,0,0,0,0,16,4096,415744,1024,4096,1048576,4194304,668672,4096,1048576,0,2,23117,4,64,0,65535,0,248,0,0,0,3,144,184,1,1,1,1,0,0,0,0,0,0,0,0,0,0,0
MotorolaDeviceManager_2.5.4_2.exe,4,1313986166,0,0,271,224,254013,4096,421888,34267699,32768,512,4194304,0,267,0,6,4,5,0,0,0,0,16,4096,415744,1024,4096,1048576,4194304,668672,4096,1048576,0,2,23117,4,64,0,65535,0,248,0,0,0,3,144,184,1,1,1,1,0,0,0,0,0,0,0,0,0,0,0
netspeedmonitor-2-5-4-0-x86-setup.exe,8,708992537,0,0,33167,224,42488,4096,45056,348444556,32768,512,4194304,0,267,6,2,1,4,0,25,0,0,16,4096,40448,1024,4096,1048576,4194304,40960,16384,1048576,0,2,23117,4,64,0,65535,0,256,0,26,15,2,80,184,1,1,1,1,0,0,1,0,0,0,0,0,0,1,0
networx_setup.exe,8,1459953544,0,0,33167,224,71644,4096,73728,10522034,33088,512,4194304,0,267,6,2,5,5,0,25,0,0,16,4096,66560,1024,4096,1048576,4194304,53760,16384,1048576,0,2,23117,4,64,0,65535,0,256,0,26,15,2,80,184,1,1,1,1,0,0,1,0,0,0,0,0,0,1,0
novabench.exe,8,1300357374,0,0,33167,224,91256,4096,94208,12326229,32768,512,4194304,0,267,6,2,5,5,0,25,0,0,16,4096,86016,1024,4096,1048576,4194304,53760,16384,1048576,0,2,23117,4,64,0,65535,0,256,0,26,15,2,80,184,1,1,1,1,0,0,1,0,0,0,0,0,0,1,0
npp.7.3.3.Installer.x64.exe,5,1469408151,0,0,271,224,13238,4096,32768,2987771,34112,512,4194304,0,267,6,6,4,4,0,0,0,0,16,4096,25088,1024,4096,1048576,4194304,141824,4096,1048576,2048,2,23117,4,64,0,65535,0,200,0,0,0,3,144,184,1,1,1,1,0,0,0,0,0,0,0,0,0,0,0
octave-4.2.1-w64-installer.exe,7,1487897758,0,0,783,224,17317,4096,40960,135228,32768,512,4194304,0,267,6,2,4,4,0,25,0,0,16,4096,35840,1024,4096,1048576,4194304,38400,4096,2097152,110592,2,23117,4,64,0,65535,0,128,0,0,0,3,144,184,1,1,1,1,0,0,0,1,0,0,0,0,0,0,0
PlagiarismCheckerX_2017.exe,7,1498482575,0,0,258,224,846037,4096,1146880,11207041,33088,512,4194304,0,267,0,14,5,5,0,0,1,1,16,4096,1141760,1024,4096,1048576,4194304,544768,4096,1048576,0,2,23117,4,64,0,65535,0,296,0,0,0,3,144,184,0,1,0,0,0,0,0,0,0,0,0,0,0,0,0
pwfree91.exe,8,1338292308,0,0,33167,224,91256,4096,94208,32316245,32768,512,4194304,0,267,6,2,5,5,0,25,0,0,16,4096,86016,1024,4096,1048576,4194304,421888,16384,1048576,0,2,23117,4,64,0,65535,0,256,0,26,15,2,80,184,1,1,1,1,0,0,1,0,0,0,0,0,0,1,0
python-3.6.1-amd64-webinstall.exe,7,1465319480,0,0,3330,224,188842,4096,307200,1321990,33088,512,4194304,0,267,0,14,5,5,0,0,1,1,16,4096,302080,1024,4096,1048576,4194304,237568,4096,1048576,0,2,23117,4,64,0,65535,0,280,0,0,0,3,144,184,0,1,0,0,0,0,0,0,1,1,0,0,0,0,0
R-3.4.1-win.exe,8,1349772502,0,0,33167,224,62396,4096,65536,0,32768,512,4194304,0,267,6,2,5,5,0,25,0,0,16,4096,60416,1024,4096,1048576,4194304,52736,16384,1048576,0,2,23117,4,64,0,65535,0,256,0,26,15,2,80,184,1,1,1,1,0,0,1,0,0,0,0,0,0,1,0
radeon-adrenalin-18.2.1-minimalsetup-180206_64bit.exe,5,1469408141,0,0,271,224,12505,4096,28672,25961470,34112,512,4194304,0,267,6,6,4,4,0,0,0,0,16,4096,24064,1024,4096,1048576,4194304,118272,4096,1048576,1024,2,23117,4,64,0,65535,0,216,0,0,0,3,144,184,1,1,1,1,0,0,0,0,0,0,0,0,0,0,0
radeon-crimson-relive-17.10.2-minimalsetup-171023_64bit.exe,5,1469408141,0,0,271,224,12505,4096,28672,25913176,34112,512,4194304,0,267,6,6,4,4,0,0,0,0,16,4096,24064,1024,4096,1048576,4194304,118272,4096,1048576,1024,2,23117,4,64,0,65535,0,216,0,0,0,3,144,184,1,1,1,1,0,0,0,0,0,0,0,0,0,0,0
radeon-software-adrenalin-17.12.1-minimalsetup-171211_64bit.exe,5,1469408141,0,0,271,224,12505,4096,28672,25897226,34112,512,4194304,0,267,6,6,4,4,0,0,0,0,16,4096,24064,1024,4096,1048576,4194304,118272,4096,1048576,1024,2,23117,4,64,0,65535,0,216,0,0,0,3,144,184,1,1,1,1,0,0,0,0,0,0,0,0,0,0,0
ReimageRepair.exe,6,1330111199,0,0,258,224,14819,4096,32768,612649,34112,512,4194304,0,267,6,10,5,5,0,0,0,0,16,4096,28672,1024,4096,1048576,4194304,446976,4096,1048576,16896,2,23117,4,64,0,65535,0,208,0,0,0,3,144,184,0,1,0,0,0,0,0,0,0,0,0,0,0,0,0
rsa.exe,12,82095304,15360,705,263,224,4736,4096,12288,68073,0,512,4194304,0,267,1,2,4,4,0,24,0,0,16,4096,4608,1024,4096,1048576,4194304,9216,4096,2097152,3072,3,23117,4,64,0,65535,0,128,0,0,0,3,144,184,1,1,1,0,0,0,0,0,0,0,0,0,0,0,0
RStudio-1.0.153.exe,5,1451194729,0,0,271,224,12510,4096,28672,85951560,32768,512,4194304,0,267,6,6,4,4,0,0,0,0,16,4096,23552,1024,4096,1048576,4194304,120320,4096,1048576,1024,2,23117,4,64,0,65535,0,216,0,0,0,3,144,184,1,1,1,1,0,0,0,0,0,0,0,0,0,0,0
rufus-2.12.exe,3,0,0,0,783,224,2589584,1695744,2592768,1009133,0,512,4194304,0,267,1,2,4,4,0,27,0,0,16,4096,897024,4096,4096,1048576,4194304,45056,4096,2097152,1691648,2,23117,4,64,0,65535,0,128,0,0,0,3,144,184,1,1,1,1,0,0,0,1,0,0,0,0,0,0,0
screen_recorder_setup.exe,8,1459953544,0,0,33167,224,71644,4096,73728,54651164,33088,512,4194304,0,267,6,2,5,5,0,25,0,0,16,4096,66560,1024,4096,1048576,4194304,419328,16384,1048576,0,2,23117,4,64,0,65535,0,256,0,26,15,2,80,184,1,1,1,1,0,0,1,0,0,0,0,0,0,1,0
SHAREit-KCWEB.exe,8,1452846170,0,0,33167,224,70588,4096,73728,6646399,33088,512,4194304,0,267,6,2,5,5,0,25,0,0,16,4096,65024,1024,4096,1048576,4194304,318464,16384,1048576,0,2,23117,4,64,0,65535,0,256,0,26,15,2,80,184,1,1,1,1,0,0,1,0,0,0,0,0,0,1,0
SteamSetup.exe,5,1469408151,0,0,271,224,13238,4096,32768,1452805,34112,512,4194304,0,267,6,6,4,4,0,0,0,0,16,4096,25088,1024,4096,1048576,4194304,141824,4096,1048576,2048,2,23117,4,64,0,65535,0,200,0,0,0,3,144,184,1,1,1,1,0,0,0,0,0,0,0,0,0,0,0
SteamSetup_2.exe,5,1469408151,0,0,271,224,13238,4096,32768,1452805,34112,512,4194304,0,267,6,6,4,4,0,0,0,0,16,4096,25088,1024,4096,1048576,4194304,141824,4096,1048576,2048,2,23117,4,64,0,65535,0,200,0,0,0,3,144,184,1,1,1,1,0,0,0,0,0,0,0,0,0,0,0
Sublime Text Build 3126 x64 Setup.exe,8,1404892693,0,0,33167,224,70588,4096,73728,8503831,32768,512,4194304,0,267,6,2,5,5,0,25,0,0,16,4096,65024,1024,4096,1048576,4194304,53248,16384,1048576,0,2,23117,4,64,0,65535,0,256,0,26,15,2,80,184,1,1,1,1,0,0,1,0,0,0,0,0,0,1,0
TeamViewer_Setup.exe,5,1459714727,0,0,271,224,12505,4096,28672,15773939,34112,512,4194304,0,267,6,6,4,4,0,0,0,0,16,4096,24064,1024,4096,1048576,4194304,118272,4096,1048576,1024,2,23117,4,64,0,65535,0,216,0,0,0,3,144,184,1,1,1,1,0,0,0,0,0,0,0,0,0,0,0
TeamViewer_Setup_en.exe,5,1459714727,0,0,271,224,12505,4096,28672,12942505,34112,512,4194304,0,267,6,6,4,4,0,0,0,0,16,4096,24064,1024,4096,1048576,4194304,118272,4096,1048576,1024,2,23117,4,64,0,65535,0,216,0,0,0,3,144,184,1,1,1,1,0,0,0,0,0,0,0,0,0,0,0
teracopy.exe,8,1459953544,0,0,33167,224,71644,4096,73728,4612714,33088,512,4194304,0,267,6,2,5,5,0,25,0,0,16,4096,66560,1024,4096,1048576,4194304,53760,16384,1048576,0,2,23117,4,64,0,65535,0,256,0,26,15,2,80,184,1,1,1,1,0,0,1,0,0,0,0,0,0,1,0
torbrowser-install-6.5.2_en-US.exe,7,0,0,0,783,224,17265,4096,40960,50887769,32768,512,4194304,0,267,6,2,4,4,0,24,0,0,16,4096,35840,1024,4096,1048576,4194304,38912,4096,2097152,110080,2,23117,4,64,0,65535,0,128,0,0,0,3,144,184,1,1,1,1,0,0,0,1,0,0,0,0,0,0,0
uTorrent.exe,3,1485383546,0,0,259,224,5996448,3739648,6000640,2451189,33024,512,4194304,0,267,0,14,5,5,0,0,1,1,16,4096,2260992,4096,4096,1048576,4194304,126976,4096,1048576,3735552,2,23117,4,64,0,65535,0,320,0,0,0,3,144,184,1,1,0,0,0,0,0,0,0,0,0,0,0,0,0
uTorrent_2.exe,5,1303152846,0,0,303,224,84180,4096,110592,3125635,0,512,4194304,0,267,0,6,4,4,0,0,0,0,16,4096,104448,1024,4096,1048576,4194304,83968,4096,1048576,0,2,23117,4,64,0,65535,0,240,0,0,0,3,144,184,1,1,1,1,0,1,0,0,0,0,0,0,0,0,0
utweb_installer.exe,5,1481493041,0,0,271,224,13054,4096,32768,20211130,34112,512,4194304,0,267,6,6,4,4,0,0,0,0,16,4096,25088,1024,4096,1048576,4194304,141824,4096,1048576,2048,2,23117,4,64,0,65535,0,200,0,0,0,3,144,184,1,1,1,1,0,0,0,0,0,0,0,0,0,0,0
VirtualBox-5.1.14-112924-Win.exe,5,1484586658,0,0,290,224,14944,4096,184320,123339919,33088,512,4194304,0,267,501,10,5,5,14,0,1,1,16,4096,179200,1024,4096,1048576,4194304,123126784,4096,1048576,0,2,23117,4,64,12079,0,48,256,0,0,16,1,128,0,0,1,0,0,0,1,0,0,0,0,0,0,0,0,0
VirtualBox-5.2.8-121009-Win.exe,5,1519660432,0,0,290,224,14960,4096,196608,113761470,33088,512,4194304,0,267,502,10,5,5,8,0,1,1,16,4096,189440,1024,4096,1048576,4194304,113503744,4096,1048576,0,2,23117,4,64,12079,0,48,264,0,0,16,1,128,0,0,1,0,0,0,1,0,0,0,0,0,0,0,0,0
vs_Community.exe,6,1487368838,0,0,290,224,183651,4096,327680,1062108,33088,512,4194304,0,267,10,10,5,5,0,0,1,1,16,4096,321024,1024,4096,1048576,4194304,75776,8192,1048576,0,2,23117,4,64,0,65535,0,272,0,0,0,3,144,184,0,1,0,0,0,1,0,0,0,0,0,0,0,0,0
vs_Community_2.exe,6,1510339840,0,0,290,224,98188,4096,163840,1217739,33088,512,4194304,0,267,10,10,5,5,0,0,1,1,16,4096,156672,1024,4096,1048576,4194304,73216,8192,1048576,0,2,23117,4,64,0,65535,0,256,0,0,0,3,144,184,0,1,0,0,0,1,0,0,0,0,0,0,0,0,0
WhatsAppSetup.exe,5,1456533184,0,0,258,224,42489,4096,114688,84202464,33088,512,4194304,0,267,0,12,5,5,0,0,1,1,16,4096,107008,1024,4096,1048576,4194304,84033024,4096,1048576,0,2,23117,4,64,0,65535,0,264,0,0,0,3,144,184,0,1,0,0,0,0,0,0,0,0,0,0,0,0,0
win32diskimager-1.0.0-install.exe,8,1459953544,0,0,33167,224,71644,4096,73728,0,33088,512,4194304,0,267,6,2,5,5,0,25,0,0,16,4096,66560,1024,4096,1048576,4194304,53248,16384,1048576,0,2,23117,4,64,0,65535,0,256,0,26,15,2,80,184,1,1,1,1,0,0,1,0,0,0,0,0,0,1,0
WinDjView-2.1-Setup.exe,5,1260053446,0,0,271,224,12860,4096,28672,0,32768,512,4194304,0,267,6,6,4,4,0,0,0,0,16,4096,23552,1024,4096,1048576,4194304,119808,4096,1048576,1024,2,23117,4,64,0,65535,0,216,0,0,0,3,144,184,1,1,1,1,0,0,0,0,0,0,0,0,0,0,0
