Name,NumberOfSections,TimeDateStamp,PointerToSymbolTable,NumberOfSymbols,Characteristics,SizeOfOptionalHeader,AddressOfEntryPoint,BaseOfCode,BaseOfData,CheckSum,DllCharacteristics,FileAlignment,ImageBase,LoaderFlags,Magic,MajorImageVersion,MajorLinkerVersion,MajorOperatingSystemVersion,MajorSubsystemVersion,MinorImageVersion,MinorLinkerVersion,MinorOperatingSystemVersion,MinorSubsystemVersion,NumberOfRvaAndSizes,SectionAlignment,SizeOfCode,SizeOfHeaders,SizeOfHeapCommit,SizeOfHeapReserve,ImageBase,SizeOfInitializedData,SizeOfStackCommit,SizeOfStackReserve,SizeOfUninitializedData,Subsystem,e_magic,e_cparhdr,e_lfarlc,e_oeminfo,e_maxalloc,e_ip,e_lfanew,e_csum,e_ovno,e_minalloc,e_cp,e_cblp,e_sp,IMAGE_FILE_RELOCS_STRIPPED,IMAGE_FILE_EXECUTABLE_IMAGE,IMAGE_FILE_LINE_NUMS_STRIPPED,IMAGE_FILE_LOCAL_SYMS_STRIPPED,IMAGE_FILE_AGGRESIVE_WS_TRIM,IMAGE_FILE_LARGE_ADDRESS_AWARE,IMAGE_FILE_BYTES_REVERSED_LO,IMAGE_FILE_DEBUG_STRIPPED,IMAGE_FILE_REMOVABLE_RUN_FROM_SWAP,IMAGE_FILE_NET_RUN_FROM_SWAP,IMAGE_FILE_SYSTEM,IMAGE_FILE_DLL,IMAGE_FILE_UP_SYSTEM_ONLY,IMAGE_FILE_BYTES_REVERSED_HI
aaclient.dll,4,1208131892,0,0,8450,224,58334,4096,126976,180296,320,512,1835270144,0,267,6,8,6,5,0,0,0,1,16,4096,119296,1024,4096,1048576,1835270144,20992,4096,262144,0,3,23117,4,64,0,65535,0,232,0,0,0,3,144,184,0,1,0,0,0,0,0,0,0,0,0,1,0,0,0
ac97intc.sys,7,995582620,0,0,270,224,85090,768,12928,147270,0,128,65536,0,267,5,7,5,5,1,0,1,1,16,128,66432,768,4096,1048576,65536,29056,4096,262144,0,1,23117,4,64,0,65535,0,216,0,0,0,3,144,184,0,1,1,1,0,0,0,0,0,0,0,0,0,0,0
AcAdProc.dll,4,1208131735,0,0,8462,224,10446,4096,36864,73139,0,512,1193672704,0,267,5,7,5,4,1,10,1,10,16,4096,29696,1024,4096,1048576,1193672704,16896,4096,262144,0,3,23117,4,64,0,65535,0,224,0,0,0,3,144,184,0,1,1,1,0,0,0,0,0,0,0,1,0,0,0
acctres.dll,2,998112820,0,0,8462,224,0,4096,4096,75100,0,512,1903689728,0,267,5,7,5,4,1,0,1,0,16,4096,0,512,4096,1048576,1903689728,64000,4096,262144,0,2,23117,4,64,0,65535,0,184,0,0,0,3,144,184,0,1,1,1,0,0,0,0,0,0,0,1,0,0,0
accwiz.exe,3,1208111767,0,0,271,224,48773,4096,57344,220818,32768,512,16777216,0,267,5,7,5,4,1,10,1,0,16,4096,50688,1024,4096,1048576,16777216,168960,4096,262144,0,2,23117,4,64,0,65535,0,224,0,0,0,3,144,184,1,1,1,1,0,0,0,0,0,0,0,0,0,0,0
AcGenral.dll,4,1208131736,0,0,8462,224,155758,4096,208896,1890418,0,512,1871183872,0,267,5,7,5,4,1,10,1,10,16,4096,204800,1024,4096,1048576,1871183872,1659392,4096,262144,0,3,23117,4,64,0,65535,0,232,0,0,0,3,144,184,0,1,1,1,0,0,0,0,0,0,0,1,0,0,0
AcLayers.dll,4,1208131737,0,0,8462,224,234252,4096,344064,454312,0,512,1901658112,0,267,5,7,5,4,1,10,1,10,16,4096,339456,1024,4096,1048576,1901658112,123904,4096,262144,0,3,23117,4,64,0,65535,0,256,0,0,0,3,144,184,0,1,1,1,0,0,0,0,0,0,0,1,0,0,0
acledit.dll,4,998112817,0,0,8462,224,60358,4096,81920,135012,0,512,1907818496,0,267,5,7,5,4,1,0,1,0,16,4096,76288,1024,4096,1048576,1907818496,52224,4096,262144,0,2,23117,4,64,0,65535,0,232,0,0,0,3,144,184,0,1,1,1,0,0,0,0,0,0,0,1,0,0,0
AcLua.dll,4,1208131738,0,0,8462,224,71780,4096,126976,193534,0,512,1593442304,0,267,5,7,5,4,1,10,1,10,16,4096,122368,1024,4096,1048576,1593442304,30720,4096,262144,0,3,23117,4,64,0,65535,0,240,0,0,0,3,144,184,0,1,1,1,0,0,0,0,0,0,0,1,0,0,0
aclui.dll,4,1208131739,0,0,8462,224,8877,4096,77824,163148,0,512,1901395968,0,267,5,7,5,4,1,10,1,10,16,4096,72704,1024,4096,1048576,1901395968,42496,4096,262144,0,3,23117,4,64,0,65535,0,240,0,0,0,3,144,184,0,1,1,1,0,0,0,0,0,0,0,1,0,0,0
acpi.sys,8,1208111793,0,0,270,224,168025,768,111104,231765,1024,128,65536,0,267,5,7,5,5,1,10,1,1,16,128,156032,768,4096,1048576,65536,30976,4096,262144,0,1,23117,4,64,0,65535,0,200,0,0,0,3,144,184,0,1,1,1,0,0,0,0,0,0,0,0,0,0,0
acpiec.sys,7,998081875,0,0,270,224,7424,768,5120,17433,0,128,65536,0,267,5,7,5,5,1,0,1,1,16,128,7040,768,4096,1048576,65536,3840,4096,262144,0,1,23117,4,64,0,65535,0,216,0,0,0,3,144,184,0,1,1,1,0,0,0,0,0,0,0,0,0,0,0
AcSpecfc.dll,4,1208131740,0,0,8462,224,168233,4096,225280,275462,0,512,1900937216,0,267,5,7,5,4,1,10,1,10,16,4096,217600,1024,4096,1048576,1900937216,38400,4096,262144,0,3,23117,4,64,0,65535,0,232,0,0,0,3,144,184,0,1,1,1,0,0,0,0,0,0,0,1,0,0,0
activeds.dll,4,1208131741,0,0,8462,224,4864,4096,159744,197267,0,512,2009858048,0,267,5,7,5,4,1,10,1,0,16,4096,153600,1024,4096,1048576,2009858048,40448,4096,262144,0,3,23117,4,64,0,65535,0,224,0,0,0,3,144,184,0,1,1,1,0,0,0,0,0,0,0,1,0,0,0
actmovie.exe,3,1208111763,0,0,271,224,4371,4096,8192,8151,32768,512,16777216,0,267,5,7,5,4,1,10,1,0,16,4096,1536,1024,4096,1048576,16777216,1536,4096,262144,0,2,23117,4,64,0,65535,0,232,0,0,0,3,144,184,1,1,1,1,0,0,0,0,0,0,0,0,0,0,0
actxprxy.dll,5,1208131742,0,0,8462,224,4797,4096,81920,125981,1024,512,1909719040,0,267,5,7,5,4,1,10,1,0,16,4096,75776,1024,4096,1048576,1909719040,21504,4096,262144,0,3,23117,4,64,0,65535,0,232,0,0,0,3,144,184,0,1,1,1,0,0,0,0,0,0,0,1,0,0,0
AcXtrnal.dll,4,1208131743,0,0,8462,224,54324,4096,106496,176437,0,512,1900544000,0,267,5,7,5,4,1,10,1,10,16,4096,102400,1024,4096,1048576,1900544000,20992,4096,262144,0,3,23117,4,64,0,65535,0,240,0,0,0,3,144,184,0,1,1,1,0,0,0,0,0,0,0,1,0,0,0
admparse.dll,4,1208131746,0,0,8462,224,36640,4096,45056,86961,0,4096,1900347392,0,267,5,7,5,4,1,10,1,0,16,4096,40960,4096,4096,1048576,1900347392,65536,4096,262144,0,2,23117,4,64,0,65535,0,240,0,0,0,3,144,184,0,1,1,1,0,0,0,0,0,0,0,1,0,0,0
adptif.dll,4,998112815,0,0,8462,224,12874,4096,28672,72614,0,512,1912864768,0,267,5,7,5,4,1,0,1,0,16,4096,21504,1024,4096,1048576,1912864768,36352,4096,262144,0,3,23117,4,64,0,65535,0,240,0,0,0,3,144,184,0,1,1,1,0,0,0,0,0,0,0,1,0,0,0
adsldp.dll,4,1208131751,0,0,8462,224,5176,4096,159744,241086,0,512,1898512384,0,267,5,7,5,4,1,10,1,0,16,4096,151040,1024,4096,1048576,1898512384,23552,4096,262144,0,3,23117,4,64,0,65535,0,232,0,0,0,3,144,184,0,1,1,1,0,0,0,0,0,0,0,1,0,0,0
adsldpc.dll,4,1208131752,0,0,8462,224,4864,4096,139264,143707,0,512,1994457088,0,267,5,7,5,4,1,10,1,0,16,4096,135168,1024,4096,1048576,1994457088,7168,4096,262144,0,3,23117,4,64,0,65535,0,240,0,0,0,3,144,184,0,1,1,1,0,0,0,0,0,0,0,1,0,0,0
adsmsext.dll,4,1208131753,0,0,8462,224,44508,4096,53248,132958,0,512,1898381312,0,267,5,7,5,4,1,10,1,0,16,4096,49152,1024,4096,1048576,1898381312,18432,4096,262144,0,3,23117,4,64,0,65535,0,232,0,0,0,3,144,184,0,1,1,1,0,0,0,0,0,0,0,1,0,0,0
adsnds.dll,4,998112839,0,0,8462,224,124559,4096,135168,214398,0,512,1898184704,0,267,5,7,5,4,1,0,1,0,16,4096,130048,1024,4096,1048576,1898184704,31232,4096,262144,0,3,23117,4,64,0,65535,0,240,0,0,0,3,144,184,0,1,1,1,0,0,0,0,0,0,0,1,0,0,0
adsnt.dll,4,1208131754,0,0,8462,224,5280,4096,233472,323997,0,512,1959460864,0,267,5,7,5,4,1,10,1,0,16,4096,226816,1024,4096,1048576,1959460864,35840,4096,262144,0,3,23117,4,64,0,65535,0,240,0,0,0,3,144,184,0,1,1,1,0,0,0,0,0,0,0,1,0,0,0
adsnw.dll,4,1208131884,0,0,8462,224,100078,4096,110592,168959,0,512,1317994496,0,267,5,7,5,4,1,10,1,0,16,4096,104960,1024,4096,1048576,1317994496,17920,4096,262144,0,3,23117,4,64,0,65535,0,232,0,0,0,3,144,184,0,1,1,1,0,0,0,0,0,0,0,1,0,0,0
advapi32.dll,4,1208131762,0,0,8462,224,28923,4096,466944,636453,0,512,2010972160,0,267,5,7,5,4,1,10,1,0,16,4096,476672,1024,4096,1048576,2010972160,146944,4096,262144,0,3,23117,4,64,0,65535,0,240,0,0,0,3,144,184,0,1,1,1,0,0,0,0,0,0,0,1,0,0,0
advpack.dll,4,1208131763,0,0,8462,224,78512,4096,90112,120811,1024,512,1965424640,0,267,5,7,5,4,1,10,1,0,16,4096,82432,1024,4096,1048576,1965424640,69120,4096,262144,0,2,23117,4,64,0,65535,0,224,0,0,0,3,144,184,0,1,1,1,0,0,0,0,0,0,0,1,0,0,0
aec.sys,9,1180036412,0,0,270,224,137322,896,6912,190802,1024,128,65536,0,267,5,7,5,5,1,10,1,1,16,128,61440,896,4096,1048576,65536,80256,4096,262144,0,1,23117,4,64,0,65535,0,216,0,0,0,3,144,184,0,1,1,1,0,0,0,0,0,0,0,0,0,0,0
afd.sys,9,1208114362,0,0,270,224,122432,896,4736,203529,0,128,65536,0,267,5,7,5,5,1,10,1,1,16,128,123776,896,4096,1048576,65536,13440,4096,262144,0,1,23117,4,64,0,65535,0,232,0,0,0,3,144,184,0,1,1,1,0,0,0,0,0,0,0,0,0,0,0
agentanm.dll,4,1208131764,0,0,8462,224,20054,4096,24576,85400,1024,512,1897988096,0,267,5,7,5,4,1,10,1,10,16,4096,19456,1024,4096,1048576,1897988096,3584,4096,262144,0,3,23117,4,64,0,65535,0,224,0,0,0,3,144,184,0,1,1,1,0,0,0,0,0,0,0,1,0,0,0
agentctl.dll,4,1208131765,0,0,8462,224,175737,4096,184320,251489,0,512,1897725952,0,267,5,7,5,4,1,10,1,10,16,4096,176640,1024,4096,1048576,1897725952,36864,4096,262144,0,3,23117,4,64,0,65535,0,224,0,0,0,3,144,184,0,1,1,1,0,0,0,0,0,0,0,1,0,0,0
agentdp2.dll,4,1208131766,0,0,8462,224,36285,4096,40960,63718,0,512,1897660416,0,267,5,7,5,4,1,10,1,10,16,4096,35328,1024,4096,1048576,1897660416,6144,4096,262144,0,3,23117,4,64,0,65535,0,232,0,0,0,3,144,184,0,1,1,1,0,0,0,0,0,0,0,1,0,0,0
agentdpv.dll,4,1208131767,0,0,8462,224,49190,4096,53248,104022,0,512,1625620480,0,267,5,7,5,4,1,10,1,10,16,4096,48128,1024,4096,1048576,1625620480,8192,4096,262144,0,3,23117,4,64,0,65535,0,224,0,0,0,3,144,184,0,1,1,1,0,0,0,0,0,0,0,1,0,0,0
agentmpx.dll,4,1208131768,0,0,8462,224,42129,4096,45056,57124,0,512,1897463808,0,267,5,7,5,4,1,10,1,10,16,4096,40960,1024,4096,1048576,1897463808,7680,4096,262144,0,3,23117,4,64,0,65535,0,240,0,0,0,3,144,184,0,1,1,1,0,0,0,0,0,0,0,1,0,0,0
agentpsh.dll,4,1208131769,0,0,8462,224,13996,4096,24576,66030,0,512,1897398272,0,267,5,7,5,4,1,10,1,10,16,4096,17920,1024,4096,1048576,1897398272,5120,4096,262144,0,3,23117,4,64,0,65535,0,224,0,0,0,3,144,184,0,1,1,1,0,0,0,0,0,0,0,1,0,0,0
agentsr.dll,4,1208131770,0,0,8462,224,39485,4096,45056,58825,0,512,1897332736,0,267,5,7,5,4,1,10,1,10,16,4096,37888,1024,4096,1048576,1897332736,6144,4096,262144,0,3,23117,4,64,0,65535,0,240,0,0,0,3,144,184,0,1,1,1,0,0,0,0,0,0,0,1,0,0,0
agentsvr.exe,3,1208111733,0,0,271,224,213850,4096,225280,314242,32768,512,16777216,0,267,5,7,5,4,1,10,1,0,16,4096,219136,1024,4096,1048576,16777216,39424,4096,262144,0,2,23117,4,64,0,65535,0,224,0,0,0,3,144,184,1,1,1,1,0,0,0,0,0,0,0,0,0,0,0
agt0405.dll,2,931487124,0,0,24846,224,0,4096,4096,46537,0,512,1979383808,0,267,5,5,5,4,0,12,0,10,16,4096,0,512,4096,1048576,1979383808,18944,4096,262144,0,3,23117,4,64,0,65535,0,168,0,0,0,3,144,184,0,1,1,1,0,0,0,0,0,0,0,1,1,0,0
agt0406.dll,2,931487124,0,0,24846,224,0,4096,4096,54683,0,512,1979383808,0,267,5,5,5,4,0,12,0,10,16,4096,0,512,4096,1048576,1979383808,18944,4096,262144,0,3,23117,4,64,0,65535,0,168,0,0,0,3,144,184,0,1,1,1,0,0,0,0,0,0,0,1,1,0,0
agt0407.dll,2,931487124,0,0,24846,224,0,4096,4096,49350,0,512,1979383808,0,267,5,5,5,4,0,12,0,10,16,4096,0,512,4096,1048576,1979383808,20992,4096,262144,0,3,23117,4,64,0,65535,0,168,0,0,0,3,144,184,0,1,1,1,0,0,0,0,0,0,0,1,1,0,0
agt0408.dll,2,931487124,0,0,24846,224,0,4096,4096,64576,0,512,1979383808,0,267,5,5,5,4,0,12,0,10,16,4096,0,512,4096,1048576,1979383808,21504,4096,262144,0,3,23117,4,64,0,65535,0,168,0,0,0,3,144,184,0,1,1,1,0,0,0,0,0,0,0,1,1,0,0
agt0409.dll,2,1208107948,0,0,8462,224,0,4096,4096,85271,1024,512,4194304,0,267,5,7,5,4,1,10,1,10,16,4096,0,1024,4096,1048576,4194304,18944,4096,262144,0,3,23117,4,64,0,65535,0,192,0,0,0,3,144,184,0,1,1,1,0,0,0,0,0,0,0,1,0,0,0
agt040b.dll,2,931487124,0,0,24846,224,0,4096,4096,67650,0,512,1979383808,0,267,5,5,5,4,0,12,0,10,16,4096,0,512,4096,1048576,1979383808,18944,4096,262144,0,3,23117,4,64,0,65535,0,168,0,0,0,3,144,184,0,1,1,1,0,0,0,0,0,0,0,1,1,0,0
agt040c.dll,2,931487124,0,0,24846,224,0,4096,4096,44648,0,512,1979383808,0,267,5,5,5,4,0,12,0,10,16,4096,0,512,4096,1048576,1979383808,20992,4096,262144,0,3,23117,4,64,0,65535,0,168,0,0,0,3,144,184,0,1,1,1,0,0,0,0,0,0,0,1,1,0,0
agt040e.dll,2,931487124,0,0,24846,224,0,4096,4096,44690,0,512,1979383808,0,267,5,5,5,4,0,12,0,10,16,4096,0,512,4096,1048576,1979383808,19456,4096,262144,0,3,23117,4,64,0,65535,0,168,0,0,0,3,144,184,0,1,1,1,0,0,0,0,0,0,0,1,1,0,0
agt0410.dll,2,931487124,0,0,24846,224,0,4096,4096,45882,0,512,1979383808,0,267,5,5,5,4,0,12,0,10,16,4096,0,512,4096,1048576,1979383808,20480,4096,262144,0,3,23117,4,64,0,65535,0,168,0,0,0,3,144,184,0,1,1,1,0,0,0,0,0,0,0,1,1,0,0
agt0413.dll,2,931487124,0,0,24846,224,0,4096,4096,86380,0,512,1979383808,0,267,5,5,5,4,0,12,0,10,16,4096,0,512,4096,1048576,1979383808,20480,4096,262144,0,3,23117,4,64,0,65535,0,168,0,0,0,3,144,184,0,1,1,1,0,0,0,0,0,0,0,1,1,0,0
agt0414.dll,2,931487124,0,0,24846,224,0,4096,4096,79500,0,512,1979383808,0,267,5,5,5,4,0,12,0,10,16,4096,0,512,4096,1048576,1979383808,18944,4096,262144,0,3,23117,4,64,0,65535,0,168,0,0,0,3,144,184,0,1,1,1,0,0,0,0,0,0,0,1,1,0,0
agt0415.dll,2,931487124,0,0,24846,224,0,4096,4096,53037,0,512,1979383808,0,267,5,5,5,4,0,12,0,10,16,4096,0,512,4096,1048576,1979383808,18944,4096,262144,0,3,23117,4,64,0,65535,0,168,0,0,0,3,144,184,0,1,1,1,0,0,0,0,0,0,0,1,1,0,0
agt0416.dll,2,931487124,0,0,24846,224,0,4096,4096,40354,0,512,1979383808,0,267,5,5,5,4,0,12,0,10,16,4096,0,512,4096,1048576,1979383808,19968,4096,262144,0,3,23117,4,64,0,65535,0,168,0,0,0,3,144,184,0,1,1,1,0,0,0,0,0,0,0,1,1,0,0
agt0419.dll,2,931487124,0,0,24846,224,0,4096,4096,39343,0,512,1979383808,0,267,5,5,5,4,0,12,0,10,16,4096,0,512,4096,1048576,1979383808,18944,4096,262144,0,3,23117,4,64,0,65535,0,168,0,0,0,3,144,184,0,1,1,1,0,0,0,0,0,0,0,1,1,0,0
agt041d.dll,2,931487124,0,0,24846,224,0,4096,4096,48387,0,512,1979383808,0,267,5,5,5,4,0,12,0,10,16,4096,0,512,4096,1048576,1979383808,18944,4096,262144,0,3,23117,4,64,0,65535,0,168,0,0,0,3,144,184,0,1,1,1,0,0,0,0,0,0,0,1,1,0,0
agt041f.dll,2,931487124,0,0,24846,224,0,4096,4096,51694,0,512,1979383808,0,267,5,5,5,4,0,12,0,10,16,4096,0,512,4096,1048576,1979383808,18944,4096,262144,0,3,23117,4,64,0,65535,0,168,0,0,0,3,144,184,0,1,1,1,0,0,0,0,0,0,0,1,1,0,0
agt0816.dll,2,931487124,0,0,24846,224,0,4096,4096,43199,0,512,1979383808,0,267,5,5,5,4,0,12,0,10,16,4096,0,512,4096,1048576,1979383808,20480,4096,262144,0,3,23117,4,64,0,65535,0,168,0,0,0,3,144,184,0,1,1,1,0,0,0,0,0,0,0,1,1,0,0
agt0c0a.dll,2,931487124,0,0,24846,224,0,4096,4096,79863,0,512,1979383808,0,267,5,5,5,4,0,12,0,10,16,4096,0,512,4096,1048576,1979383808,19968,4096,262144,0,3,23117,4,64,0,65535,0,168,0,0,0,3,144,184,0,1,1,1,0,0,0,0,0,0,0,1,1,0,0
agtintl.dll,4,1208131771,0,0,8462,224,19220,4096,24576,25585,1024,512,1895694336,0,267,5,7,5,4,1,10,1,10,16,4096,18432,1024,4096,1048576,1895694336,5120,4096,262144,0,3,23117,4,64,0,65535,0,232,0,0,0,3,144,184,0,1,1,1,0,0,0,0,0,0,0,1,0,0,0
ahui.exe,3,1208112046,0,0,271,224,25152,4096,69632,136431,32768,512,16777216,0,267,5,7,5,4,1,10,1,0,16,4096,65024,1024,4096,1048576,16777216,38912,4096,262144,0,2,23117,4,64,0,65535,0,216,0,0,0,3,144,184,1,1,1,1,0,0,0,0,0,0,0,0,0,0,0
alg.exe,3,1208112801,0,0,271,224,23494,4096,40960,73645,32768,512,16777216,0,267,5,7,5,4,1,10,1,0,16,4096,35328,1024,4096,1048576,16777216,8704,4096,262144,0,2,23117,4,64,0,65535,0,232,0,0,0,3,144,184,1,1,1,1,0,0,0,0,0,0,0,0,0,0,0
alrsvc.dll,4,1208131772,0,0,8462,224,9918,4096,20480,68233,0,512,1895301120,0,267,5,7,5,4,1,10,1,0,16,4096,12800,1024,4096,1048576,1895301120,5120,4096,262144,0,3,23117,4,64,0,65535,0,216,0,0,0,3,144,184,0,1,1,1,0,0,0,0,0,0,0,1,0,0,0
amdk6.sys,8,1208111492,0,0,270,224,23941,896,9856,54549,1024,128,65536,0,267,5,7,5,5,1,10,1,1,16,128,23680,896,4096,1048576,65536,12800,4096,262144,0,1,23117,4,64,0,65535,0,208,0,0,0,3,144,184,0,1,1,1,0,0,0,0,0,0,0,0,0,0,0
amdk7.sys,8,1208111492,0,0,270,224,24325,896,10496,92719,1024,128,65536,0,267,5,7,5,5,1,10,1,1,16,128,23808,896,4096,1048576,65536,13056,4096,262144,0,1,23117,4,64,0,65535,0,216,0,0,0,3,144,184,0,1,1,1,0,0,0,0,0,0,0,0,0,0,0
amstream.dll,4,1208131773,0,0,8462,224,60494,4096,65536,125025,1024,512,1895170048,0,267,5,7,5,4,1,10,1,0,16,4096,58880,1024,4096,1048576,1895170048,10752,4096,262144,0,2,23117,4,64,0,65535,0,232,0,0,0,3,144,184,0,1,1,1,0,0,0,0,0,0,0,1,0,0,0
apcups.dll,4,998112877,0,0,8462,224,85632,4096,90112,161286,0,512,1895038976,0,267,5,7,5,4,1,0,1,10,16,4096,84480,1024,4096,1048576,1895038976,17408,4096,262144,0,3,23117,4,64,0,65535,0,240,0,0,0,3,144,184,0,1,1,1,0,0,0,0,0,0,0,1,0,0,0
apphelp.dll,4,1208131775,0,0,8462,224,7177,4096,118784,170730,0,512,2008285184,0,267,5,7,5,4,1,10,1,0,16,4096,116224,1024,4096,1048576,2008285184,8704,4096,262144,0,2,23117,4,64,0,65535,0,224,0,0,0,3,144,184,0,1,1,1,0,0,0,0,0,0,0,1,0,0,0
appmgmts.dll,4,1208131776,0,0,8462,224,5026,4096,126976,211497,0,512,1965228032,0,267,5,7,5,4,1,10,1,0,16,4096,122368,1024,4096,1048576,1965228032,44544,4096,262144,0,2,23117,4,64,0,65535,0,240,0,0,0,3,144,184,0,1,1,1,0,0,0,0,0,0,0,1,0,0,0
appmgr.dll,4,1208131777,0,0,8462,224,197148,4096,229376,325370,0,512,1894580224,0,267,5,7,5,4,1,10,1,0,16,4096,223744,1024,4096,1048576,1894580224,80384,4096,262144,0,2,23117,4,64,0,65535,0,240,0,0,0,3,144,184,0,1,1,1,0,0,0,0,0,0,0,1,0,0,0
arp.exe,3,998081824,0,0,271,224,7846,4096,16384,63300,32768,512,16777216,0,267,5,7,5,4,1,0,1,0,16,4096,10240,1024,4096,1048576,16777216,8192,4096,262144,0,3,23117,4,64,0,65535,0,216,0,0,0,3,144,184,1,1,1,1,0,0,0,0,0,0,0,0,0,0,0
arp1394.sys,6,1208112682,0,0,270,224,56453,768,54272,60958,1024,128,65536,0,267,5,7,5,5,1,10,1,1,16,128,55296,768,4096,1048576,65536,4736,4096,262144,0,1,23117,4,64,0,65535,0,216,0,0,0,3,144,184,0,1,1,1,0,0,0,0,0,0,0,0,0,0,0
asferror.dll,2,1208107418,0,0,8462,224,0,4096,4096,71482,1024,512,4194304,0,267,5,7,5,4,1,10,1,10,16,4096,0,1024,4096,1048576,4194304,7168,4096,262144,0,3,23117,4,64,0,65535,0,192,0,0,0,3,144,184,0,1,1,1,0,0,0,0,0,0,0,1,0,0,0
asr_fmt.exe,3,1208111617,0,0,271,224,23039,4096,28672,85847,32768,512,16777216,0,267,5,7,5,4,1,10,1,0,16,4096,24064,1024,4096,1048576,16777216,5632,4096,262144,0,2,23117,4,64,0,65535,0,232,0,0,0,3,144,184,1,1,1,1,0,0,0,0,0,0,0,0,0,0,0
asr_ldm.exe,3,998081970,0,0,271,224,11857,4096,16384,60153,32768,512,16777216,0,267,5,7,5,4,1,0,1,0,16,4096,10240,1024,4096,1048576,16777216,20992,4096,262144,0,2,23117,4,64,0,65535,0,224,0,0,0,3,144,184,1,1,1,1,0,0,0,0,0,0,0,0,0,0,0
asr_pfu.exe,3,1208111618,0,0,271,224,9845,4096,32768,37772,32768,512,16777216,0,267,5,7,5,4,1,10,1,0,16,4096,28672,1024,4096,1048576,16777216,8704,4096,262144,0,2,23117,4,64,0,65535,0,232,0,0,0,3,144,184,1,1,1,1,0,0,0,0,0,0,0,0,0,0,0
asycfilt.dll,4,1208131783,0,0,8462,224,62267,4096,65536,83373,0,512,1888419840,0,267,5,7,5,4,1,10,1,10,16,4096,60416,1024,4096,1048576,1888419840,3584,4096,262144,0,3,23117,4,64,0,65535,0,224,0,0,0,3,144,184,0,1,1,1,0,0,0,0,0,0,0,1,0,0,0
asyncmac.sys,6,1208113047,0,0,270,224,11269,768,9984,14994,1024,128,65536,0,267,5,7,5,5,1,10,1,1,16,128,10496,768,4096,1048576,65536,3072,4096,262144,0,1,23117,4,64,0,65535,0,200,0,0,0,3,144,184,0,1,1,1,0,0,0,0,0,0,0,0,0,0,0
at.exe,3,1208111611,0,0,271,224,11612,4096,20480,33702,32768,512,16777216,0,267,5,7,5,4,1,10,1,0,16,4096,15360,1024,4096,1048576,16777216,12800,4096,262144,0,3,23117,4,64,0,65535,0,224,0,0,0,3,144,184,1,1,1,1,0,0,0,0,0,0,0,0,0,0,0
atapi.sys,9,1208112029,0,0,270,224,88567,896,46208,118053,0,128,65536,0,267,5,7,5,5,1,10,1,1,16,128,84864,896,4096,1048576,65536,10752,4096,262144,0,1,23117,4,64,0,65535,0,216,0,0,0,3,144,184,0,1,1,1,0,0,0,0,0,0,0,0,0,0,0
atkctrs.dll,4,998112827,0,0,8462,224,0,4096,8192,65311,0,512,1888354304,0,267,5,7,5,4,1,0,1,10,16,4096,4096,1024,4096,1048576,1888354304,15872,4096,262144,0,3,23117,4,64,0,65535,0,224,0,0,0,3,144,184,0,1,1,1,0,0,0,0,0,0,0,1,0,0,0
atl.dll,5,998112822,0,0,8462,224,11580,4096,45056,131540,0,512,1892548608,0,267,2,6,4,4,0,0,0,0,16,4096,40448,1024,4096,1048576,1892548608,33280,4096,1048576,0,2,23117,4,64,0,65535,0,248,0,0,0,3,144,184,0,1,1,1,0,0,0,0,0,0,0,1,0,0,0
atmadm.exe,3,1208112688,0,0,271,224,7293,4096,12288,33961,32768,512,16777216,0,267,5,7,5,4,1,10,1,0,16,4096,4608,1024,4096,1048576,16777216,14848,4096,262144,0,3,23117,4,64,0,65535,0,216,0,0,0,3,144,184,1,1,1,1,0,0,0,0,0,0,0,0,0,0,0
atmarpc.sys,6,1208112684,0,0,270,224,53870,768,49024,68677,0,128,65536,0,267,5,7,5,5,1,10,1,1,16,128,51712,768,4096,1048576,65536,7424,4096,262144,0,1,23117,4,64,0,65535,0,224,0,0,0,3,144,184,0,1,1,1,0,0,0,0,0,0,0,0,0,0,0
atmepvc.sys,6,998081203,0,0,270,224,26496,768,24832,69291,0,128,65536,0,267,5,7,5,5,1,0,1,1,16,128,26624,768,4096,1048576,65536,3968,4096,262144,0,1,23117,4,64,0,65535,0,200,0,0,0,3,144,184,0,1,1,1,0,0,0,0,0,0,0,0,0,0,0
atmfd.dll,6,1208131795,0,0,8462,224,80603,768,209280,310928,0,128,3220832256,0,267,5,7,5,5,1,10,1,1,16,128,209664,768,4096,1048576,3220832256,75264,4096,262144,0,1,23117,4,64,0,65535,0,216,0,0,0,3,144,184,0,1,1,1,0,0,0,0,0,0,0,1,0,0,0
atmlane.sys,6,1208112688,0,0,270,224,49925,768,49024,63792,1024,128,65536,0,267,5,7,5,5,1,10,1,1,16,128,50560,768,4096,1048576,65536,4480,4096,262144,0,1,23117,4,64,0,65535,0,216,0,0,0,3,144,184,0,1,1,1,0,0,0,0,0,0,0,0,0,0,0
atmlib.dll,4,1208131796,0,0,8462,224,18335,4096,32768,51334,0,512,1942093824,0,267,5,7,5,4,1,10,1,10,16,4096,25600,1024,4096,1048576,1942093824,4096,4096,262144,0,3,23117,4,64,0,65535,0,224,0,0,0,3,144,184,0,1,1,1,0,0,0,0,0,0,0,1,0,0,0
atmpvcno.dll,4,998112828,0,0,8462,224,19687,4096,24576,60544,0,512,1888288768,0,267,5,7,5,4,1,0,1,0,16,4096,18432,1024,4096,1048576,1888288768,15360,4096,262144,0,2,23117,4,64,0,65535,0,248,0,0,0,3,144,184,0,1,1,1,0,0,0,0,0,0,0,1,0,0,0
atmuni.sys,6,998081215,0,0,270,224,333888,768,278400,353587,0,128,65536,0,267,5,7,5,5,1,0,1,1,16,128,280320,768,4096,1048576,65536,71168,4096,262144,0,1,23117,4,64,0,65535,0,208,0,0,0,3,144,184,0,1,1,1,0,0,0,0,0,0,0,0,0,0,0
atrace.dll,4,998112829,0,0,8462,224,5197,4096,12288,51017,0,512,1888223232,0,267,5,7,5,4,1,0,1,0,16,4096,7680,1024,4096,1048576,1888223232,19968,4096,262144,0,2,23117,4,64,0,65535,0,224,0,0,0,3,144,184,0,1,1,1,0,0,0,0,0,0,0,1,0,0,0
attrib.exe,3,1208111619,0,0,271,224,9811,4096,16384,44982,32768,512,16777216,0,267,5,7,5,4,1,10,1,0,16,4096,9728,1024,4096,1048576,16777216,1536,4096,262144,0,3,23117,4,64,0,65535,0,224,0,0,0,3,144,184,1,1,1,1,0,0,0,0,0,0,0,0,0,0,0
audiosrv.dll,4,1208131802,0,0,8462,224,10763,4096,40960,107629,0,512,1888157696,0,267,5,7,5,4,1,10,1,0,16,4096,36864,1024,4096,1048576,1888157696,5120,4096,262144,0,2,23117,4,64,0,65535,0,232,0,0,0,3,144,184,0,1,1,1,0,0,0,0,0,0,0,1,0,0,0
auditusr.exe,3,1208111504,0,0,271,224,13683,4096,16384,60955,32768,512,16777216,0,267,5,7,5,4,1,10,1,0,16,4096,11776,1024,4096,1048576,16777216,1536,4096,262144,0,3,23117,4,64,0,65535,0,216,0,0,0,3,144,184,1,1,1,1,0,0,0,0,0,0,0,0,0,0,0
audstub.sys,6,998081980,0,0,270,224,1536,768,896,66993,0,128,65536,0,267,5,7,5,5,1,0,1,1,16,128,1024,768,4096,1048576,65536,1280,4096,262144,0,1,23117,4,64,0,65535,0,200,0,0,0,3,144,184,0,1,1,1,0,0,0,0,0,0,0,0,0,0,0
authz.dll,4,1208131805,0,0,8462,224,4592,4096,65536,98173,0,512,2003566592,0,267,5,7,5,4,1,10,1,10,16,4096,57344,1024,4096,1048576,2003566592,4096,4096,262144,0,3,23117,4,64,0,65535,0,232,0,0,0,3,144,184,0,1,1,1,0,0,0,0,0,0,0,1,0,0,0
autochk.exe,4,1208111619,0,0,270,224,54969,4096,380928,617071,0,512,16777216,0,267,5,7,5,5,1,10,1,1,16,4096,374784,1024,4096,1048576,16777216,213504,4096,262144,0,1,23117,4,64,0,65535,0,232,0,0,0,3,144,184,0,1,1,1,0,0,0,0,0,0,0,0,0,0,0
autoconv.exe,4,1208111619,0,0,270,224,52383,4096,393216,654611,0,512,16777216,0,267,5,7,5,5,1,10,1,1,16,4096,388608,1024,4096,1048576,16777216,214016,4096,262144,0,1,23117,4,64,0,65535,0,224,0,0,0,3,144,184,0,1,1,1,0,0,0,0,0,0,0,0,0,0,0
autodisc.dll,4,998112832,0,0,8462,224,19826,4096,28672,81115,0,512,1887961088,0,267,5,7,5,4,1,0,1,10,16,4096,24576,1024,4096,1048576,1887961088,55296,4096,262144,0,3,23117,4,64,0,65535,0,256,0,0,0,3,144,184,0,1,1,1,0,0,0,0,0,0,0,1,0,0,0
autofmt.exe,4,1208111619,0,0,270,224,50692,4096,372736,620127,0,512,16777216,0,267,5,7,5,5,1,10,1,1,16,4096,367104,1024,4096,1048576,16777216,212992,4096,262144,0,1,23117,4,64,0,65535,0,224,0,0,0,3,144,184,0,1,1,1,0,0,0,0,0,0,0,0,0,0,0
autolfn.exe,4,1208111777,0,0,270,224,8634,4096,12288,47620,0,512,16777216,0,267,5,7,5,5,1,10,1,1,16,4096,7680,1024,4096,1048576,16777216,2560,4096,262144,0,1,23117,4,64,0,65535,0,224,0,0,0,3,144,184,0,1,1,1,0,0,0,0,0,0,0,0,0,0,0
avicap32.dll,4,998112805,0,0,8462,224,7858,4096,57344,91509,0,512,1941438464,0,267,5,7,5,4,1,0,1,0,16,4096,51200,1024,4096,4096,1941438464,12800,4096,262144,0,2,23117,4,64,0,65535,0,232,0,0,0,3,144,184,0,1,1,1,0,0,0,0,0,0,0,1,0,0,0
avifil32.dll,4,1208131807,0,0,8462,224,75929,4096,81920,140088,1024,512,1941241856,0,267,5,7,5,4,1,10,1,0,16,4096,77824,1024,4096,4096,1941241856,8192,4096,262144,0,2,23117,4,64,0,65535,0,232,0,0,0,3,144,184,0,1,1,1,0,0,0,0,0,0,0,1,0,0,0
avmeter.dll,4,998112840,0,0,8462,224,12707,4096,16384,73786,0,512,1887502336,0,267,5,7,5,4,1,0,1,10,16,4096,12288,1024,4096,1048576,1887502336,3072,4096,262144,0,3,23117,4,64,0,65535,0,208,0,0,0,3,144,184,0,1,1,1,0,0,0,0,0,0,0,1,0,0,0
avtapi.dll,4,998112841,0,0,8462,224,136307,4096,163840,229258,0,512,1887240192,0,267,5,7,5,4,1,0,1,10,16,4096,159232,1024,4096,1048576,1887240192,71680,4096,262144,0,3,23117,4,64,0,65535,0,264,0,0,0,3,144,184,0,1,1,1,0,0,0,0,0,0,0,1,0,0,0
avwav.dll,4,998112842,0,0,8462,224,60991,4096,73728,83435,0,512,1887109120,0,267,5,7,5,4,1,0,1,10,16,4096,67072,1024,4096,1048576,1887109120,8704,4096,262144,0,3,23117,4,64,0,65535,0,216,0,0,0,3,144,184,0,1,1,1,0,0,0,0,0,0,0,1,0,0,0
azroles.dll,4,1208131808,0,0,8462,224,174885,4096,188416,251964,0,512,1184104448,0,267,5,7,5,4,2,10,2,10,16,4096,180736,1024,4096,1048576,1184104448,53248,4096,262144,0,3,23117,4,64,0,65535,0,240,0,0,0,3,144,184,0,1,1,1,0,0,0,0,0,0,0,1,0,0,0
basesrv.dll,4,1208111691,0,0,8462,224,45085,4096,53248,108532,0,512,1974796288,0,267,5,7,5,4,1,10,1,10,16,4096,46592,1024,4096,1048576,1974796288,6144,4096,262144,0,3,23117,4,64,0,65535,0,216,0,0,0,3,144,184,0,1,1,1,0,0,0,0,0,0,0,1,0,0,0
batmeter.dll,4,1208131742,0,0,8462,224,4886,4096,20480,34259,0,512,1957625856,0,267,5,7,5,4,1,10,1,10,16,4096,14336,1024,4096,1048576,1957625856,13824,4096,262144,0,2,23117,4,64,0,65535,0,232,0,0,0,3,144,184,0,1,1,1,0,0,0,0,0,0,0,1,0,0,0
batt.dll,4,1208131743,0,0,8462,224,5733,4096,8192,44569,1024,512,1887043584,0,267,5,7,5,4,1,10,1,0,16,4096,3584,1024,4096,1048576,1887043584,4096,4096,262144,0,2,23117,4,64,0,65535,0,216,0,0,0,3,144,184,0,1,1,1,0,0,0,0,0,0,0,1,0,0,0
battc.sys,8,1208111792,0,0,270,224,7429,896,3456,67491,9216,128,65536,0,267,5,7,5,1,1,10,1,10,16,128,6656,896,4096,1048576,65536,6656,4096,262144,0,1,23117,4,64,0,65535,0,224,0,0,0,3,144,184,0,1,1,1,0,0,0,0,0,0,0,0,0,0,0
bckg.dll,4,998112824,0,0,8462,224,66635,4096,73728,116943,0,512,1886912512,0,267,4,6,4,4,0,0,0,0,16,4096,66560,1024,4096,1048576,1886912512,15360,4096,1048576,0,2,23117,4,64,0,65535,0,232,0,0,0,3,144,184,0,1,1,1,0,0,0,0,0,0,0,1,0,0,0
bckgres.dll,3,998112825,0,0,8462,224,0,4096,8192,1830185,0,512,1885011968,0,267,4,6,4,4,0,0,0,0,16,4096,512,1024,4096,1048576,1885011968,1816064,4096,1048576,0,2,23117,4,64,0,65535,0,216,0,0,0,3,144,184,0,1,1,1,0,0,0,0,0,0,0,1,0,0,0
bckgzm.exe,3,990825149,0,0,271,224,12168,4096,16384,47555,0,512,16777216,0,267,4,6,4,4,0,0,0,0,16,4096,9728,1024,4096,1048576,16777216,31744,4096,1048576,0,2,23117,4,64,0,65535,0,232,0,0,0,3,144,184,1,1,1,1,0,0,0,0,0,0,0,0,0,0,0
beep.sys,5,998081253,0,0,270,224,1644,768,1920,51244,0,128,65536,0,267,5,7,5,5,1,0,1,1,16,128,1920,768,4096,1048576,65536,1536,4096,262144,0,1,23117,4,64,0,65535,0,208,0,0,0,3,144,184,0,1,1,1,0,0,0,0,0,0,0,0,0,0,0
bidispl.dll,4,1208131746,0,0,8462,224,16094,4096,20480,27682,0,512,1882324992,0,267,5,7,5,4,1,10,1,0,16,4096,13824,1024,4096,1048576,1882324992,2560,4096,262144,0,3,23117,4,64,0,65535,0,232,0,0,0,3,144,184,0,1,1,1,0,0,0,0,0,0,0,1,0,0,0
bitsprx2.dll,5,1208131747,0,0,8462,224,6255,4096,12288,36409,1024,512,1961951232,0,267,5,7,5,4,1,10,1,0,16,4096,4608,1024,4096,1048576,1961951232,2560,4096,262144,0,3,23117,4,64,0,65535,0,224,0,0,0,3,144,184,0,1,1,1,0,0,0,0,0,0,0,1,0,0,0
bitsprx3.dll,5,1208131748,0,0,8462,224,5864,4096,12288,46553,1024,512,1263206400,0,267,5,7,5,4,1,10,1,0,16,4096,3584,1024,4096,1048576,1263206400,2560,4096,262144,0,3,23117,4,64,0,65535,0,224,0,0,0,3,144,184,0,1,1,1,0,0,0,0,0,0,0,1,0,0,0
bitsprx4.dll,5,1208131749,0,0,8462,224,5432,4096,12288,54619,1024,512,1114439680,0,267,5,7,5,4,1,10,1,0,16,4096,3584,1024,4096,1048576,1114439680,2560,4096,262144,0,3,23117,4,64,0,65535,0,224,0,0,0,3,144,184,0,1,1,1,0,0,0,0,0,0,0,1,0,0,0
blackbox.dll,4,1208131750,0,0,8462,224,40716,4096,155648,348415,0,512,1274413056,0,267,21315,7,5,4,20512,10,1,0,16,4096,269312,1024,4096,1048576,1274413056,17408,4096,262144,0,2,23117,4,64,0,65535,0,256,0,0,0,3,144,184,0,1,1,1,0,0,0,0,0,0,0,1,0,0,0
blastcln.exe,3,1208112080,0,0,271,224,21440,4096,69632,87793,32768,512,16777216,0,267,5,7,5,4,1,10,1,0,16,4096,65024,1024,4096,1048576,16777216,12288,4096,262144,0,3,23117,4,64,0,65535,0,216,0,0,0,3,144,184,1,1,1,1,0,0,0,0,0,0,0,0,0,0,0
bnts.dll,4,998112855,0,0,8462,224,117662,4096,139264,215620,0,512,1881604096,0,267,5,7,5,4,1,0,1,0,16,4096,133120,1024,4096,1048576,1881604096,22016,4096,262144,0,2,23117,4,64,0,65535,0,240,0,0,0,3,144,184,0,1,1,1,0,0,0,0,0,0,0,1,0,0,0
bootcfg.exe,4,1208111921,0,0,271,224,47252,4096,69632,159282,32768,512,16777216,0,267,5,7,5,4,1,10,1,0,16,4096,64000,1024,4096,1048576,16777216,77824,4096,262144,0,3,23117,4,64,0,65535,0,216,0,0,0,3,144,184,1,1,1,1,0,0,0,0,0,0,0,0,0,0,0
bootok.exe,3,998081891,0,0,271,224,4301,4096,8192,44668,32768,512,16777216,0,267,5,7,5,4,1,0,1,0,16,4096,1536,1024,4096,1048576,16777216,2048,4096,262144,0,3,23117,4,64,0,65535,0,208,0,0,0,3,144,184,1,1,1,1,0,0,0,0,0,0,0,0,0,0,0
bootvid.dll,6,998081349,0,0,8462,224,6258,768,6400,41836,0,128,2147549184,0,267,5,7,5,5,1,0,1,1,16,128,6144,768,4096,1048576,2147549184,5376,4096,262144,0,1,23117,4,64,0,65535,0,208,0,0,0,3,144,184,0,1,1,1,0,0,0,0,0,0,0,1,0,0,0
bootvrfy.exe,3,998081891,0,0,271,224,4720,4096,8192,48799,32768,512,16777216,0,267,5,7,5,4,1,0,1,0,16,4096,2048,1024,4096,1048576,16777216,2048,4096,262144,0,3,23117,4,64,0,65535,0,208,0,0,0,3,144,184,1,1,1,1,0,0,0,0,0,0,0,0,0,0,0
bridge.sys,7,1208112801,0,0,270,224,62597,768,55552,115364,1024,128,65536,0,267,5,7,5,5,1,10,1,1,16,128,58112,768,4096,1048576,65536,12672,4096,262144,0,1,23117,4,64,0,65535,0,208,0,0,0,3,144,184,0,1,1,1,0,0,0,0,0,0,0,0,0,0,0
browselc.dll,2,1208106204,0,0,8462,224,0,4096,4096,74854,1024,512,1902116864,0,267,5,7,5,4,1,10,1,0,16,4096,0,1024,4096,1048576,1902116864,62464,4096,262144,0,2,23117,4,64,0,65535,0,192,0,0,0,3,144,184,0,1,1,1,0,0,0,0,0,0,0,1,0,0,0
browser.dll,4,1208131751,0,0,8462,224,5394,4096,73728,96374,0,512,1993998336,0,267,5,7,5,4,1,10,1,0,16,4096,70656,1024,4096,1048576,1993998336,6656,4096,262144,0,2,23117,4,64,0,65535,0,224,0,0,0,3,144,184,0,1,1,1,0,0,0,0,0,0,0,1,0,0,0
browseui.dll,4,1208131752,0,0,8462,224,14074,4096,548864,1068592,0,512,1979187200,0,267,5,7,5,4,1,10,1,0,16,4096,548352,1024,4096,1048576,1979187200,478208,4096,262144,0,2,23117,4,64,0,65535,0,240,0,0,0,3,144,184,0,1,1,1,0,0,0,0,0,0,0,1,0,0,0
browsewm.dll,4,1208131753,0,0,8462,224,60769,4096,69632,139642,0,512,1877278720,0,267,5,7,5,4,1,10,1,0,16,4096,62464,1024,4096,1048576,1877278720,15360,4096,262144,0,2,23117,4,64,0,65535,0,232,0,0,0,3,144,184,0,1,1,1,0,0,0,0,0,0,0,1,0,0,0
brpinfo.dll,4,998112879,0,0,8462,224,16027,4096,20480,60650,0,512,1877213184,0,267,5,7,5,4,1,0,1,0,16,4096,14336,1024,4096,1048576,1877213184,6656,4096,262144,0,2,23117,4,64,0,65535,0,232,0,0,0,3,144,184,0,1,1,1,0,0,0,0,0,0,0,1,0,0,0
bthci.dll,4,1208131754,0,0,8462,224,7145,4096,20480,64228,0,512,1807941632,0,267,5,7,5,4,1,10,1,10,16,4096,12800,1024,4096,1048576,1807941632,7680,4096,262144,0,3,23117,4,64,0,65535,0,232,0,0,0,3,144,184,0,1,1,1,0,0,0,0,0,0,0,1,0,0,0
bthserv.dll,5,1208131756,0,0,8462,224,23204,4096,32768,48946,0,512,1275527168,0,267,5,7,5,4,1,10,1,10,16,4096,26112,1024,4096,1048576,1275527168,3072,4096,262144,0,3,23117,4,64,0,65535,0,224,0,0,0,3,144,184,0,1,1,1,0,0,0,0,0,0,0,1,0,0,0
btpanui.dll,5,1208131757,0,0,8462,224,38935,4096,53248,90535,0,512,1901527040,0,267,5,7,5,4,1,10,1,0,16,4096,42496,1024,4096,1048576,1901527040,7680,4096,262144,0,2,23117,4,64,0,65535,0,232,0,0,0,3,144,184,0,1,1,1,0,0,0,0,0,0,0,1,0,0,0
cabinet.dll,4,1208131743,0,0,11534,224,4240,4096,61440,110842,1024,512,1964310528,0,267,5,7,5,4,1,10,1,0,16,4096,56832,1024,4096,1048576,1964310528,6656,4096,262144,0,2,23117,4,64,0,65535,0,232,0,0,0,3,144,184,0,1,1,1,0,0,0,0,1,1,0,1,0,0,0
cabview.dll,4,1208131744,0,0,8462,224,22335,4096,28672,110419,0,512,1876164608,0,267,5,7,5,4,1,10,1,10,16,4096,24064,1024,4096,1048576,1876164608,59392,4096,262144,0,2,23117,4,64,0,65535,0,224,0,0,0,3,144,184,0,1,1,1,0,0,0,0,0,0,0,1,0,0,0
cacls.exe,3,1208112082,0,0,271,224,15045,4096,20480,31973,32768,512,16777216,0,267,5,7,5,4,1,10,1,0,16,4096,13312,1024,4096,1048576,16777216,5632,4096,262144,0,3,23117,4,64,0,65535,0,224,0,0,0,3,144,184,1,1,1,1,0,0,0,0,0,0,0,0,0,0,0
calc.exe,3,998081552,0,0,271,224,74869,4096,81920,120828,32768,512,16777216,0,267,5,7,5,4,1,0,1,0,16,4096,75776,1024,4096,1048576,16777216,39936,4096,262144,0,2,23117,4,64,0,65535,0,240,0,0,0,3,144,184,1,1,1,1,0,0,0,0,0,0,0,0,0,0,0
callcont.dll,4,1208131745,0,0,8462,224,343838,4096,352256,400466,1024,4096,1968504832,0,267,5,7,5,4,1,10,1,0,16,4096,348160,4096,4096,1048576,1968504832,53248,4096,262144,0,2,23117,4,64,0,65535,0,224,0,0,0,3,144,184,0,1,1,1,0,0,0,0,0,0,0,1,0,0,0
camocx.dll,4,1208131747,0,0,8462,224,34750,4096,40960,79580,0,512,1875509248,0,267,5,7,5,4,1,10,1,0,16,4096,36864,1024,4096,1048576,1875509248,13312,4096,262144,0,2,23117,4,64,0,65535,0,232,0,0,0,3,144,184,0,1,1,1,0,0,0,0,0,0,0,1,0,0,0
capesnpn.dll,4,1208131748,0,0,8462,224,81412,4096,94208,163362,0,512,1875312640,0,267,5,7,5,4,1,10,1,10,16,4096,89600,1024,4096,1048576,1875312640,61440,4096,262144,0,3,23117,4,64,0,65535,0,232,0,0,0,3,144,184,0,1,1,1,0,0,0,0,0,0,0,1,0,0,0
cards.dll,4,998112835,0,0,8462,224,4230,4096,8192,406109,0,512,1874919424,0,267,5,7,5,4,1,0,1,0,16,4096,3072,1024,4096,1048576,1874919424,356352,4096,262144,0,2,23117,4,64,0,65535,0,224,0,0,0,3,144,184,0,1,1,1,0,0,0,0,0,0,0,1,0,0,0
catsrv.dll,4,1208131749,0,0,8462,224,5999,4096,196608,275293,0,512,1874657280,0,267,5,7,5,4,1,10,1,0,16,4096,185344,1024,4096,1048576,1874657280,53248,4096,262144,0,2,23117,4,64,0,65535,0,240,0,0,0,3,144,184,0,1,1,1,0,0,0,0,0,0,0,1,0,0,0
catsrvps.dll,5,1208131750,0,0,8462,224,4609,4096,86016,129377,0,512,1874526208,0,267,5,7,5,4,1,10,1,0,16,4096,77824,1024,4096,1048576,1874526208,6656,4096,262144,0,2,23117,4,64,0,65535,0,216,0,0,0,3,144,184,0,1,1,1,0,0,0,0,0,0,0,1,0,0,0
catsrvut.dll,4,1208131751,0,0,8462,224,8560,4096,565248,678503,0,512,1873870848,0,267,5,7,5,4,1,10,1,0,16,4096,552960,1536,4096,1048576,1873870848,83456,4096,262144,0,2,23117,4,64,0,65535,0,232,0,0,0,3,144,184,0,1,1,1,0,0,0,0,0,0,0,1,0,0,0
cb32.exe,2,998081348,0,0,271,224,4950,4096,8192,23186,32768,4096,4194304,0,267,5,7,5,4,1,0,1,0,16,4096,4096,4096,4096,1048576,4194304,4096,4096,262144,0,2,23117,4,64,0,65535,0,208,0,0,0,3,144,184,1,1,1,1,0,0,0,0,0,0,0,0,0,0,0
cbidf2k.sys,5,998081526,0,0,270,224,11488,768,11776,26003,0,128,65536,0,267,5,7,5,5,1,0,1,1,16,128,11648,768,4096,1048576,65536,1536,4096,262144,0,1,23117,4,64,0,65535,0,216,0,0,0,3,144,184,0,1,1,1,0,0,0,0,0,0,0,0,0,0,0
ccfgnt.dll,4,998112841,0,0,8462,224,0,4096,28672,90275,0,512,1873608704,0,267,5,7,5,4,1,0,1,0,16,4096,23040,1024,4096,4096,1873608704,4096,4096,262144,0,2,23117,4,64,0,65535,0,240,0,0,0,3,144,184,0,1,1,1,0,0,0,0,0,0,0,1,0,0,0
cdaudio.sys,7,998081546,0,0,270,224,16384,768,3840,64307,0,128,65536,0,267,5,7,5,5,1,0,1,1,16,128,16128,768,4096,1048576,65536,1792,4096,262144,0,1,23117,4,64,0,65535,0,200,0,0,0,3,144,184,0,1,1,1,0,0,0,0,0,0,0,0,0,0,0
cdfs.sys,7,1208114061,0,0,270,224,55941,768,7424,75684,0,128,65536,0,267,5,7,5,5,1,10,1,1,16,128,57856,768,4096,1048576,65536,5120,4096,262144,0,1,23117,4,64,0,65535,0,216,0,0,0,3,144,184,0,1,1,1,0,0,0,0,0,0,0,0,0,0,0
cdfview.dll,4,1208131752,0,0,8462,224,5130,4096,73728,186780,1024,512,1873412096,0,267,5,7,5,4,1,10,1,0,16,4096,67584,1024,4096,1048576,1873412096,82432,4096,262144,0,2,23117,4,64,0,65535,0,232,0,0,0,3,144,184,0,1,1,1,0,0,0,0,0,0,0,1,0,0,0
cdm.dll,4,1208111939,0,0,8462,224,41031,4096,65536,118248,0,512,1353187328,0,267,5,7,5,4,1,10,1,0,16,4096,60416,1024,4096,1048576,1353187328,6656,4096,262144,0,2,23117,4,64,0,65535,0,240,0,0,0,3,144,184,0,1,1,1,0,0,0,0,0,0,0,1,0,0,0
cdmodem.dll,4,998112844,0,0,8462,224,4820,4096,16384,16392,0,512,1873281024,0,267,5,7,5,4,1,0,1,0,16,4096,12288,1024,4096,1048576,1873281024,2560,4096,262144,0,3,23117,4,64,0,65535,0,208,0,0,0,3,144,184,0,1,1,1,0,0,0,0,0,0,0,1,0,0,0
cdosys.dll,4,1208131885,0,0,8462,224,378016,4096,651264,2114438,0,512,1197473792,0,267,5,7,5,4,1,10,1,10,16,4096,647168,1024,4096,1048576,1197473792,1443328,4096,262144,0,3,23117,4,64,0,65535,0,232,0,0,0,3,144,184,0,1,1,1,0,0,0,0,0,0,0,1,0,0,0
cdrom.sys,11,1208112045,0,0,270,224,55282,896,46848,99620,1024,128,65536,0,267,5,7,5,5,1,10,1,1,16,128,54784,896,4096,1048576,65536,7296,4096,262144,0,1,23117,4,64,0,65535,0,208,0,0,0,3,144,184,0,1,1,1,0,0,0,0,0,0,0,0,0,0,0
certcli.dll,5,1208131753,0,0,8462,224,6161,4096,172032,236402,0,512,2008612864,0,267,5,7,5,4,1,10,1,10,16,4096,155648,1024,4096,1048576,2008612864,37888,4096,262144,0,3,23117,4,64,0,65535,0,240,0,0,0,3,144,184,0,1,1,1,0,0,0,0,0,0,0,1,0,0,0
certmgr.dll,4,1208131754,0,0,8462,224,271300,4096,327680,484921,0,512,1724973056,0,267,5,7,5,4,1,10,1,0,16,4096,321536,1536,4096,1048576,1724973056,143872,4096,262144,0,2,23117,4,64,0,65535,0,240,0,0,0,3,144,184,0,1,1,1,0,0,0,0,0,0,0,1,0,0,0
cewmdm.dll,4,1208131757,0,0,8462,224,132295,4096,139264,194410,0,512,1868759040,0,267,5,7,5,4,2,10,2,0,16,4096,134144,1024,4096,1048576,1868759040,29184,4096,262144,0,2,23117,4,64,0,65535,0,272,0,0,0,3,144,184,0,1,1,1,0,0,0,0,0,0,0,1,0,0,0
cfgbkend.dll,4,1208131758,0,0,8462,224,31448,4096,36864,92415,1024,512,1868693504,0,267,5,7,5,4,1,10,1,0,16,4096,31232,1024,4096,1048576,1868693504,7680,4096,262144,0,2,23117,4,64,0,65535,0,224,0,0,0,3,144,184,0,1,1,1,0,0,0,0,0,0,0,1,0,0,0
cfgmgr32.dll,3,1208131759,0,0,8462,224,0,4096,4096,45692,1024,512,1957560320,0,267,5,7,5,4,1,10,1,0,16,4096,0,1024,4096,1048576,1957560320,15872,4096,262144,0,2,23117,4,64,0,65535,0,192,0,0,0,3,144,184,0,1,1,1,0,0,0,0,0,0,0,1,0,0,0
charmap.exe,3,998081575,0,0,271,224,43821,4096,49152,108652,32768,512,16777216,0,267,5,7,5,4,1,0,1,0,16,4096,45056,1024,4096,1048576,16777216,169472,16384,262144,0,2,23117,4,64,0,65535,0,240,0,0,0,3,144,184,1,1,1,1,0,0,0,0,0,0,0,0,0,0,0
chkdsk.exe,3,998081568,0,0,303,224,9598,4096,16384,41376,32768,512,16777216,0,267,5,7,5,4,1,0,1,0,16,4096,9216,1024,4096,1048576,16777216,1536,4096,262144,0,3,23117,4,64,0,65535,0,224,0,0,0,3,144,184,1,1,1,1,0,1,0,0,0,0,0,0,0,0,0
chkntfs.exe,3,998081569,0,0,271,224,8695,4096,16384,71770,32768,512,16777216,0,267,5,7,5,4,1,0,1,0,16,4096,8704,1024,4096,1048576,16777216,1536,4096,262144,0,3,23117,4,64,0,65535,0,224,0,0,0,3,144,184,1,1,1,1,0,0,0,0,0,0,0,0,0,0,0
chkr.dll,4,998112858,0,0,8462,224,31451,4096,36864,48421,0,512,1868627968,0,267,4,6,4,4,0,0,0,0,16,4096,31232,1024,4096,1048576,1868627968,8704,4096,1048576,0,2,23117,4,64,0,65535,0,240,0,0,0,3,144,184,0,1,1,1,0,0,0,0,0,0,0,1,0,0,0
chkrres.dll,3,998112859,0,0,8462,224,0,4096,8192,819091,0,512,1867776000,0,267,4,6,4,4,0,0,0,0,16,4096,512,1024,4096,1048576,1867776000,779264,4096,1048576,0,2,23117,4,64,0,65535,0,216,0,0,0,3,144,184,0,1,1,1,0,0,0,0,0,0,0,1,0,0,0
chkrzm.exe,3,990825150,0,0,271,224,12168,4096,16384,89407,0,512,16777216,0,267,4,6,4,4,0,0,0,0,16,4096,9728,1024,4096,1048576,16777216,31744,4096,1048576,0,2,23117,4,64,0,65535,0,232,0,0,0,3,144,184,1,1,1,1,0,0,0,0,0,0,0,0,0,0,0
ciadmin.dll,4,998112860,0,0,8478,224,63458,4096,81920,223834,0,512,1867579392,0,267,5,7,5,5,1,0,1,0,16,4096,75776,1024,4096,1048576,1867579392,86528,4096,262144,0,3,23117,4,64,0,65535,0,232,0,0,0,3,144,184,0,1,1,1,1,0,0,0,0,0,0,1,0,0,0
cic.dll,4,1208131764,0,0,8462,224,93905,4096,106496,170695,0,512,1196556288,0,267,5,7,5,5,2,10,2,0,16,4096,100352,1024,4096,1048576,1196556288,48128,4096,262144,0,2,23117,4,64,0,65535,0,232,0,0,0,3,144,184,0,1,1,1,0,0,0,0,0,0,0,1,0,0,0
cidaemon.exe,3,998081772,0,0,287,224,6259,4096,12288,30227,32768,512,16777216,0,267,5,7,5,5,1,0,1,0,16,4096,5632,1024,4096,1048576,16777216,1536,4096,262144,0,3,23117,4,64,0,65535,0,232,0,0,0,3,144,184,1,1,1,1,1,0,0,0,0,0,0,0,0,0,0
cimwin32.dll,4,1208131765,0,0,8462,224,838556,4096,1220608,1360393,0,512,1185546240,0,267,5,7,5,4,1,10,1,10,16,4096,1216512,1024,4096,1048576,1185546240,153600,4096,262144,0,3,23117,4,64,0,65535,0,240,0,0,0,3,144,184,0,1,1,1,0,0,0,0,0,0,0,1,0,0,0
cinemst2.sys,6,998082122,0,0,270,224,88222,768,103808,318162,0,128,65536,0,267,5,7,5,5,1,0,1,1,16,128,104960,768,4096,1048576,65536,156800,4096,262144,0,1,23117,4,64,0,65535,0,216,0,0,0,3,144,184,0,1,1,1,0,0,0,0,0,0,0,0,0,0,0
aaclient.dll,4,1208131892,0,0,8450,224,58334,4096,126976,180296,320,512,1835270144,0,267,6,8,6,5,0,0,0,1,16,4096,119296,1024,4096,1048576,1835270144,20992,4096,262144,0,3,23117,4,64,0,65535,0,232,0,0,0,3,144,184,0,1,0,0,0,0,0,0,0,0,0,1,0,0,0
ac97intc.sys,7,995582620,0,0,270,224,85090,768,12928,147270,0,128,65536,0,267,5,7,5,5,1,0,1,1,16,128,66432,768,4096,1048576,65536,29056,4096,262144,0,1,23117,4,64,0,65535,0,216,0,0,0,3,144,184,0,1,1,1,0,0,0,0,0,0,0,0,0,0,0
AcAdProc.dll,4,1208131735,0,0,8462,224,10446,4096,36864,73139,0,512,1193672704,0,267,5,7,5,4,1,10,1,10,16,4096,29696,1024,4096,1048576,1193672704,16896,4096,262144,0,3,23117,4,64,0,65535,0,224,0,0,0,3,144,184,0,1,1,1,0,0,0,0,0,0,0,1,0,0,0
acctres.dll,2,998112820,0,0,8462,224,0,4096,4096,75100,0,512,1903689728,0,267,5,7,5,4,1,0,1,0,16,4096,0,512,4096,1048576,1903689728,64000,4096,262144,0,2,23117,4,64,0,65535,0,184,0,0,0,3,144,184,0,1,1,1,0,0,0,0,0,0,0,1,0,0,0
accwiz.exe,3,1208111767,0,0,271,224,48773,4096,57344,220818,32768,512,16777216,0,267,5,7,5,4,1,10,1,0,16,4096,50688,1024,4096,1048576,16777216,168960,4096,262144,0,2,23117,4,64,0,65535,0,224,0,0,0,3,144,184,1,1,1,1,0,0,0,0,0,0,0,0,0,0,0
AcGenral.dll,4,1208131736,0,0,8462,224,155758,4096,208896,1890418,0,512,1871183872,0,267,5,7,5,4,1,10,1,10,16,4096,204800,1024,4096,1048576,1871183872,1659392,4096,262144,0,3,23117,4,64,0,65535,0,232,0,0,0,3,144,184,0,1,1,1,0,0,0,0,0,0,0,1,0,0,0
AcLayers.dll,4,1208131737,0,0,8462,224,234252,4096,344064,454312,0,512,1901658112,0,267,5,7,5,4,1,10,1,10,16,4096,339456,1024,4096,1048576,1901658112,123904,4096,262144,0,3,23117,4,64,0,65535,0,256,0,0,0,3,144,184,0,1,1,1,0,0,0,0,0,0,0,1,0,0,0
acledit.dll,4,998112817,0,0,8462,224,60358,4096,81920,135012,0,512,1907818496,0,267,5,7,5,4,1,0,1,0,16,4096,76288,1024,4096,1048576,1907818496,52224,4096,262144,0,2,23117,4,64,0,65535,0,232,0,0,0,3,144,184,0,1,1,1,0,0,0,0,0,0,0,1,0,0,0
AcLua.dll,4,1208131738,0,0,8462,224,71780,4096,126976,193534,0,512,1593442304,0,267,5,7,5,4,1,10,1,10,16,4096,122368,1024,4096,1048576,1593442304,30720,4096,262144,0,3,23117,4,64,0,65535,0,240,0,0,0,3,144,184,0,1,1,1,0,0,0,0,0,0,0,1,0,0,0
aclui.dll,4,1208131739,0,0,8462,224,8877,4096,77824,163148,0,512,1901395968,0,267,5,7,5,4,1,10,1,10,16,4096,72704,1024,4096,1048576,1901395968,42496,4096,262144,0,3,23117,4,64,0,65535,0,240,0,0,0,3,144,184,0,1,1,1,0,0,0,0,0,0,0,1,0,0,0
acpi.sys,8,1208111793,0,0,270,224,168025,768,111104,231765,1024,128,65536,0,267,5,7,5,5,1,10,1,1,16,128,156032,768,4096,1048576,65536,30976,4096,262144,0,1,23117,4,64,0,65535,0,200,0,0,0,3,144,184,0,1,1,1,0,0,0,0,0,0,0,0,0,0,0
acpiec.sys,7,998081875,0,0,270,224,7424,768,5120,17433,0,128,65536,0,267,5,7,5,5,1,0,1,1,16,128,7040,768,4096,1048576,65536,3840,4096,262144,0,1,23117,4,64,0,65535,0,216,0,0,0,3,144,184,0,1,1,1,0,0,0,0,0,0,0,0,0,0,0
AcSpecfc.dll,4,1208131740,0,0,8462,224,168233,4096,225280,275462,0,512,1900937216,0,267,5,7,5,4,1,10,1,10,16,4096,217600,1024,4096,1048576,1900937216,38400,4096,262144,0,3,23117,4,64,0,65535,0,232,0,0,0,3,144,184,0,1,1,1,0,0,0,0,0,0,0,1,0,0,0
activeds.dll,4,1208131741,0,0,8462,224,4864,4096,159744,197267,0,512,2009858048,0,267,5,7,5,4,1,10,1,0,16,4096,153600,1024,4096,1048576,2009858048,40448,4096,262144,0,3,23117,4,64,0,65535,0,224,0,0,0,3,144,184,0,1,1,1,0,0,0,0,0,0,0,1,0,0,0
actmovie.exe,3,1208111763,0,0,271,224,4371,4096,8192,8151,32768,512,16777216,0,267,5,7,5,4,1,10,1,0,16,4096,1536,1024,4096,1048576,16777216,1536,4096,262144,0,2,23117,4,64,0,65535,0,232,0,0,0,3,144,184,1,1,1,1,0,0,0,0,0,0,0,0,0,0,0
actxprxy.dll,5,1208131742,0,0,8462,224,4797,4096,81920,125981,1024,512,1909719040,0,267,5,7,5,4,1,10,1,0,16,4096,75776,1024,4096,1048576,1909719040,21504,4096,262144,0,3,23117,4,64,0,65535,0,232,0,0,0,3,144,184,0,1,1,1,0,0,0,0,0,0,0,1,0,0,0
AcXtrnal.dll,4,1208131743,0,0,8462,224,54324,4096,106496,176437,0,512,1900544000,0,267,5,7,5,4,1,10,1,10,16,4096,102400,1024,4096,1048576,1900544000,20992,4096,262144,0,3,23117,4,64,0,65535,0,240,0,0,0,3,144,184,0,1,1,1,0,0,0,0,0,0,0,1,0,0,0
admparse.dll,4,1208131746,0,0,8462,224,36640,4096,45056,86961,0,4096,1900347392,0,267,5,7,5,4,1,10,1,0,16,4096,40960,4096,4096,1048576,1900347392,65536,4096,262144,0,2,23117,4,64,0,65535,0,240,0,0,0,3,144,184,0,1,1,1,0,0,0,0,0,0,0,1,0,0,0
adptif.dll,4,998112815,0,0,8462,224,12874,4096,28672,72614,0,512,1912864768,0,267,5,7,5,4,1,0,1,0,16,4096,21504,1024,4096,1048576,1912864768,36352,4096,262144,0,3,23117,4,64,0,65535,0,240,0,0,0,3,144,184,0,1,1,1,0,0,0,0,0,0,0,1,0,0,0
adsldp.dll,4,1208131751,0,0,8462,224,5176,4096,159744,241086,0,512,1898512384,0,267,5,7,5,4,1,10,1,0,16,4096,151040,1024,4096,1048576,1898512384,23552,4096,262144,0,3,23117,4,64,0,65535,0,232,0,0,0,3,144,184,0,1,1,1,0,0,0,0,0,0,0,1,0,0,0
adsldpc.dll,4,1208131752,0,0,8462,224,4864,4096,139264,143707,0,512,1994457088,0,267,5,7,5,4,1,10,1,0,16,4096,135168,1024,4096,1048576,1994457088,7168,4096,262144,0,3,23117,4,64,0,65535,0,240,0,0,0,3,144,184,0,1,1,1,0,0,0,0,0,0,0,1,0,0,0
adsmsext.dll,4,1208131753,0,0,8462,224,44508,4096,53248,132958,0,512,1898381312,0,267,5,7,5,4,1,10,1,0,16,4096,49152,1024,4096,1048576,1898381312,18432,4096,262144,0,3,23117,4,64,0,65535,0,232,0,0,0,3,144,184,0,1,1,1,0,0,0,0,0,0,0,1,0,0,0
adsnds.dll,4,998112839,0,0,8462,224,124559,4096,135168,214398,0,512,1898184704,0,267,5,7,5,4,1,0,1,0,16,4096,130048,1024,4096,1048576,1898184704,31232,4096,262144,0,3,23117,4,64,0,65535,0,240,0,0,0,3,144,184,0,1,1,1,0,0,0,0,0,0,0,1,0,0,0
adsnt.dll,4,1208131754,0,0,8462,224,5280,4096,233472,323997,0,512,1959460864,0,267,5,7,5,4,1,10,1,0,16,4096,226816,1024,4096,1048576,1959460864,35840,4096,262144,0,3,23117,4,64,0,65535,0,240,0,0,0,3,144,184,0,1,1,1,0,0,0,0,0,0,0,1,0,0,0
adsnw.dll,4,1208131884,0,0,8462,224,100078,4096,110592,168959,0,512,1317994496,0,267,5,7,5,4,1,10,1,0,16,4096,104960,1024,4096,1048576,1317994496,17920,4096,262144,0,3,23117,4,64,0,65535,0,232,0,0,0,3,144,184,0,1,1,1,0,0,0,0,0,0,0,1,0,0,0
advapi32.dll,4,1208131762,0,0,8462,224,28923,4096,466944,636453,0,512,2010972160,0,267,5,7,5,4,1,10,1,0,16,4096,476672,1024,4096,1048576,2010972160,146944,4096,262144,0,3,23117,4,64,0,65535,0,240,0,0,0,3,144,184,0,1,1,1,0,0,0,0,0,0,0,1,0,0,0
advpack.dll,4,1208131763,0,0,8462,224,78512,4096,90112,120811,1024,512,1965424640,0,267,5,7,5,4,1,10,1,0,16,4096,82432,1024,4096,1048576,1965424640,69120,4096,262144,0,2,23117,4,64,0,65535,0,224,0,0,0,3,144,184,0,1,1,1,0,0,0,0,0,0,0,1,0,0,0
aec.sys,9,1180036412,0,0,270,224,137322,896,6912,190802,1024,128,65536,0,267,5,7,5,5,1,10,1,1,16,128,61440,896,4096,1048576,65536,80256,4096,262144,0,1,23117,4,64,0,65535,0,216,0,0,0,3,144,184,0,1,1,1,0,0,0,0,0,0,0,0,0,0,0
afd.sys,9,1208114362,0,0,270,224,122432,896,4736,203529,0,128,65536,0,267,5,7,5,5,1,10,1,1,16,128,123776,896,4096,1048576,65536,13440,4096,262144,0,1,23117,4,64,0,65535,0,232,0,0,0,3,144,184,0,1,1,1,0,0,0,0,0,0,0,0,0,0,0
agentanm.dll,4,1208131764,0,0,8462,224,20054,4096,24576,85400,1024,512,1897988096,0,267,5,7,5,4,1,10,1,10,16,4096,19456,1024,4096,1048576,1897988096,3584,4096,262144,0,3,23117,4,64,0,65535,0,224,0,0,0,3,144,184,0,1,1,1,0,0,0,0,0,0,0,1,0,0,0
agentctl.dll,4,1208131765,0,0,8462,224,175737,4096,184320,251489,0,512,1897725952,0,267,5,7,5,4,1,10,1,10,16,4096,176640,1024,4096,1048576,1897725952,36864,4096,262144,0,3,23117,4,64,0,65535,0,224,0,0,0,3,144,184,0,1,1,1,0,0,0,0,0,0,0,1,0,0,0
agentdp2.dll,4,1208131766,0,0,8462,224,36285,4096,40960,63718,0,512,1897660416,0,267,5,7,5,4,1,10,1,10,16,4096,35328,1024,4096,1048576,1897660416,6144,4096,262144,0,3,23117,4,64,0,65535,0,232,0,0,0,3,144,184,0,1,1,1,0,0,0,0,0,0,0,1,0,0,0
agentdpv.dll,4,1208131767,0,0,8462,224,49190,4096,53248,104022,0,512,1625620480,0,267,5,7,5,4,1,10,1,10,16,4096,48128,1024,4096,1048576,1625620480,8192,4096,262144,0,3,23117,4,64,0,65535,0,224,0,0,0,3,144,184,0,1,1,1,0,0,0,0,0,0,0,1,0,0,0
agentmpx.dll,4,1208131768,0,0,8462,224,42129,4096,45056,57124,0,512,1897463808,0,267,5,7,5,4,1,10,1,10,16,4096,40960,1024,4096,1048576,1897463808,7680,4096,262144,0,3,23117,4,64,0,65535,0,240,0,0,0,3,144,184,0,1,1,1,0,0,0,0,0,0,0,1,0,0,0
agentpsh.dll,4,1208131769,0,0,8462,224,13996,4096,24576,66030,0,512,1897398272,0,267,5,7,5,4,1,10,1,10,16,4096,17920,1024,4096,1048576,1897398272,5120,4096,262144,0,3,23117,4,64,0,65535,0,224,0,0,0,3,144,184,0,1,1,1,0,0,0,0,0,0,0,1,0,0,0
agentsr.dll,4,1208131770,0,0,8462,224,39485,4096,45056,58825,0,512,1897332736,0,267,5,7,5,4,1,10,1,10,16,4096,37888,1024,4096,1048576,1897332736,6144,4096,262144,0,3,23117,4,64,0,65535,0,240,0,0,0,3,144,184,0,1,1,1,0,0,0,0,0,0,0,1,0,0,0
agentsvr.exe,3,1208111733,0,0,271,224,213850,4096,225280,314242,32768,512,16777216,0,267,5,7,5,4,1,10,1,0,16,4096,219136,1024,4096,1048576,16777216,39424,4096,262144,0,2,23117,4,64,0,65535,0,224,0,0,0,3,144,184,1,1,1,1,0,0,0,0,0,0,0,0,0,0,0
agt0405.dll,2,931487124,0,0,24846,224,0,4096,4096,46537,0,512,1979383808,0,267,5,5,5,4,0,12,0,10,16,4096,0,512,4096,1048576,1979383808,18944,4096,262144,0,3,23117,4,64,0,65535,0,168,0,0,0,3,144,184,0,1,1,1,0,0,0,0,0,0,0,1,1,0,0
agt0406.dll,2,931487124,0,0,24846,224,0,4096,4096,54683,0,512,1979383808,0,267,5,5,5,4,0,12,0,10,16,4096,0,512,4096,1048576,1979383808,18944,4096,262144,0,3,23117,4,64,0,65535,0,168,0,0,0,3,144,184,0,1,1,1,0,0,0,0,0,0,0,1,1,0,0
agt0407.dll,2,931487124,0,0,24846,224,0,4096,4096,49350,0,512,1979383808,0,267,5,5,5,4,0,12,0,10,16,4096,0,512,4096,1048576,1979383808,20992,4096,262144,0,3,23117,4,64,0,65535,0,168,0,0,0,3,144,184,0,1,1,1,0,0,0,0,0,0,0,1,1,0,0
agt0408.dll,2,931487124,0,0,24846,224,0,4096,4096,64576,0,512,1979383808,0,267,5,5,5,4,0,12,0,10,16,4096,0,512,4096,1048576,1979383808,21504,4096,262144,0,3,23117,4,64,0,65535,0,168,0,0,0,3,144,184,0,1,1,1,0,0,0,0,0,0,0,1,1,0,0
agt0409.dll,2,1208107948,0,0,8462,224,0,4096,4096,85271,1024,512,4194304,0,267,5,7,5,4,1,10,1,10,16,4096,0,1024,4096,1048576,4194304,18944,4096,262144,0,3,23117,4,64,0,65535,0,192,0,0,0,3,144,184,0,1,1,1,0,0,0,0,0,0,0,1,0,0,0
agt040b.dll,2,931487124,0,0,24846,224,0,4096,4096,67650,0,512,1979383808,0,267,5,5,5,4,0,12,0,10,16,4096,0,512,4096,1048576,1979383808,18944,4096,262144,0,3,23117,4,64,0,65535,0,168,0,0,0,3,144,184,0,1,1,1,0,0,0,0,0,0,0,1,1,0,0
agt040c.dll,2,931487124,0,0,24846,224,0,4096,4096,44648,0,512,1979383808,0,267,5,5,5,4,0,12,0,10,16,4096,0,512,4096,1048576,1979383808,20992,4096,262144,0,3,23117,4,64,0,65535,0,168,0,0,0,3,144,184,0,1,1,1,0,0,0,0,0,0,0,1,1,0,0
agt040e.dll,2,931487124,0,0,24846,224,0,4096,4096,44690,0,512,1979383808,0,267,5,5,5,4,0,12,0,10,16,4096,0,512,4096,1048576,1979383808,19456,4096,262144,0,3,23117,4,64,0,65535,0,168,0,0,0,3,144,184,0,1,1,1,0,0,0,0,0,0,0,1,1,0,0
agt0410.dll,2,931487124,0,0,24846,224,0,4096,4096,45882,0,512,1979383808,0,267,5,5,5,4,0,12,0,10,16,4096,0,512,4096,1048576,1979383808,20480,4096,262144,0,3,23117,4,64,0,65535,0,168,0,0,0,3,144,184,0,1,1,1,0,0,0,0,0,0,0,1,1,0,0
agt0413.dll,2,931487124,0,0,24846,224,0,4096,4096,86380,0,512,1979383808,0,267,5,5,5,4,0,12,0,10,16,4096,0,512,4096,1048576,1979383808,20480,4096,262144,0,3,23117,4,64,0,65535,0,168,0,0,0,3,144,184,0,1,1,1,0,0,0,0,0,0,0,1,1,0,0
agt0414.dll,2,931487124,0,0,24846,224,0,4096,4096,79500,0,512,1979383808,0,267,5,5,5,4,0,12,0,10,16,4096,0,512,4096,1048576,1979383808,18944,4096,262144,0,3,23117,4,64,0,65535,0,168,0,0,0,3,144,184,0,1,1,1,0,0,0,0,0,0,0,1,1,0,0
agt0415.dll,2,931487124,0,0,24846,224,0,4096,4096,53037,0,512,1979383808,0,267,5,5,5,4,0,12,0,10,16,4096,0,512,4096,1048576,1979383808,18944,4096,262144,0,3,23117,4,64,0,65535,0,168,0,0,0,3,144,184,0,1,1,1,0,0,0,0,0,0,0,1,1,0,0
agt0416.dll,2,931487124,0,0,24846,224,0,4096,4096,40354,0,512,1979383808,0,267,5,5,5,4,0,12,0,10,16,4096,0,512,4096,1048576,1979383808,19968,4096,262144,0,3,23117,4,64,0,65535,0,168,0,0,0,3,144,184,0,1,1,1,0,0,0,0,0,0,0,1,1,0,0
agt0419.dll,2,931487124,0,0,24846,224,0,4096,4096,39343,0,512,1979383808,0,267,5,5,5,4,0,12,0,10,16,4096,0,512,4096,1048576,1979383808,18944,4096,262144,0,3,23117,4,64,0,65535,0,168,0,0,0,3,144,184,0,1,1,1,0,0,0,0,0,0,0,1,1,0,0
agt041d.dll,2,931487124,0,0,24846,224,0,4096,4096,48387,0,512,1979383808,0,267,5,5,5,4,0,12,0,10,16,4096,0,512,4096,1048576,1979383808,18944,4096,262144,0,3,23117,4,64,0,65535,0,168,0,0,0,3,144,184,0,1,1,1,0,0,0,0,0,0,0,1,1,0,0
agt041f.dll,2,931487124,0,0,24846,224,0,4096,4096,51694,0,512,1979383808,0,267,5,5,5,4,0,12,0,10,16,4096,0,512,4096,1048576,1979383808,18944,4096,262144,0,3,23117,4,64,0,65535,0,168,0,0,0,3,144,184,0,1,1,1,0,0,0,0,0,0,0,1,1,0,0
agt0816.dll,2,931487124,0,0,24846,224,0,4096,4096,43199,0,512,1979383808,0,267,5,5,5,4,0,12,0,10,16,4096,0,512,4096,1048576,1979383808,20480,4096,262144,0,3,23117,4,64,0,65535,0,168,0,0,0,3,144,184,0,1,1,1,0,0,0,0,0,0,0,1,1,0,0
agt0c0a.dll,2,931487124,0,0,24846,224,0,4096,4096,79863,0,512,1979383808,0,267,5,5,5,4,0,12,0,10,16,4096,0,512,4096,1048576,1979383808,19968,4096,262144,0,3,23117,4,64,0,65535,0,168,0,0,0,3,144,184,0,1,1,1,0,0,0,0,0,0,0,1,1,0,0
agtintl.dll,4,1208131771,0,0,8462,224,19220,4096,24576,25585,1024,512,1895694336,0,267,5,7,5,4,1,10,1,10,16,4096,18432,1024,4096,1048576,1895694336,5120,4096,262144,0,3,23117,4,64,0,65535,0,232,0,0,0,3,144,184,0,1,1,1,0,0,0,0,0,0,0,1,0,0,0
ahui.exe,3,1208112046,0,0,271,224,25152,4096,69632,136431,32768,512,16777216,0,267,5,7,5,4,1,10,1,0,16,4096,65024,1024,4096,1048576,16777216,38912,4096,262144,0,2,23117,4,64,0,65535,0,216,0,0,0,3,144,184,1,1,1,1,0,0,0,0,0,0,0,0,0,0,0
alg.exe,3,1208112801,0,0,271,224,23494,4096,40960,73645,32768,512,16777216,0,267,5,7,5,4,1,10,1,0,16,4096,35328,1024,4096,1048576,16777216,8704,4096,262144,0,2,23117,4,64,0,65535,0,232,0,0,0,3,144,184,1,1,1,1,0,0,0,0,0,0,0,0,0,0,0
alrsvc.dll,4,1208131772,0,0,8462,224,9918,4096,20480,68233,0,512,1895301120,0,267,5,7,5,4,1,10,1,0,16,4096,12800,1024,4096,1048576,1895301120,5120,4096,262144,0,3,23117,4,64,0,65535,0,216,0,0,0,3,144,184,0,1,1,1,0,0,0,0,0,0,0,1,0,0,0
amdk6.sys,8,1208111492,0,0,270,224,23941,896,9856,54549,1024,128,65536,0,267,5,7,5,5,1,10,1,1,16,128,23680,896,4096,1048576,65536,12800,4096,262144,0,1,23117,4,64,0,65535,0,208,0,0,0,3,144,184,0,1,1,1,0,0,0,0,0,0,0,0,0,0,0
amdk7.sys,8,1208111492,0,0,270,224,24325,896,10496,92719,1024,128,65536,0,267,5,7,5,5,1,10,1,1,16,128,23808,896,4096,1048576,65536,13056,4096,262144,0,1,23117,4,64,0,65535,0,216,0,0,0,3,144,184,0,1,1,1,0,0,0,0,0,0,0,0,0,0,0
amstream.dll,4,1208131773,0,0,8462,224,60494,4096,65536,125025,1024,512,1895170048,0,267,5,7,5,4,1,10,1,0,16,4096,58880,1024,4096,1048576,1895170048,10752,4096,262144,0,2,23117,4,64,0,65535,0,232,0,0,0,3,144,184,0,1,1,1,0,0,0,0,0,0,0,1,0,0,0
apcups.dll,4,998112877,0,0,8462,224,85632,4096,90112,161286,0,512,1895038976,0,267,5,7,5,4,1,0,1,10,16,4096,84480,1024,4096,1048576,1895038976,17408,4096,262144,0,3,23117,4,64,0,65535,0,240,0,0,0,3,144,184,0,1,1,1,0,0,0,0,0,0,0,1,0,0,0
apphelp.dll,4,1208131775,0,0,8462,224,7177,4096,118784,170730,0,512,2008285184,0,267,5,7,5,4,1,10,1,0,16,4096,116224,1024,4096,1048576,2008285184,8704,4096,262144,0,2,23117,4,64,0,65535,0,224,0,0,0,3,144,184,0,1,1,1,0,0,0,0,0,0,0,1,0,0,0
appmgmts.dll,4,1208131776,0,0,8462,224,5026,4096,126976,211497,0,512,1965228032,0,267,5,7,5,4,1,10,1,0,16,4096,122368,1024,4096,1048576,1965228032,44544,4096,262144,0,2,23117,4,64,0,65535,0,240,0,0,0,3,144,184,0,1,1,1,0,0,0,0,0,0,0,1,0,0,0
appmgr.dll,4,1208131777,0,0,8462,224,197148,4096,229376,325370,0,512,1894580224,0,267,5,7,5,4,1,10,1,0,16,4096,223744,1024,4096,1048576,1894580224,80384,4096,262144,0,2,23117,4,64,0,65535,0,240,0,0,0,3,144,184,0,1,1,1,0,0,0,0,0,0,0,1,0,0,0
arp.exe,3,998081824,0,0,271,224,7846,4096,16384,63300,32768,512,16777216,0,267,5,7,5,4,1,0,1,0,16,4096,10240,1024,4096,1048576,16777216,8192,4096,262144,0,3,23117,4,64,0,65535,0,216,0,0,0,3,144,184,1,1,1,1,0,0,0,0,0,0,0,0,0,0,0
arp1394.sys,6,1208112682,0,0,270,224,56453,768,54272,60958,1024,128,65536,0,267,5,7,5,5,1,10,1,1,16,128,55296,768,4096,1048576,65536,4736,4096,262144,0,1,23117,4,64,0,65535,0,216,0,0,0,3,144,184,0,1,1,1,0,0,0,0,0,0,0,0,0,0,0
asferror.dll,2,1208107418,0,0,8462,224,0,4096,4096,71482,1024,512,4194304,0,267,5,7,5,4,1,10,1,10,16,4096,0,1024,4096,1048576,4194304,7168,4096,262144,0,3,23117,4,64,0,65535,0,192,0,0,0,3,144,184,0,1,1,1,0,0,0,0,0,0,0,1,0,0,0
asr_fmt.exe,3,1208111617,0,0,271,224,23039,4096,28672,85847,32768,512,16777216,0,267,5,7,5,4,1,10,1,0,16,4096,24064,1024,4096,1048576,16777216,5632,4096,262144,0,2,23117,4,64,0,65535,0,232,0,0,0,3,144,184,1,1,1,1,0,0,0,0,0,0,0,0,0,0,0
asr_ldm.exe,3,998081970,0,0,271,224,11857,4096,16384,60153,32768,512,16777216,0,267,5,7,5,4,1,0,1,0,16,4096,10240,1024,4096,1048576,16777216,20992,4096,262144,0,2,23117,4,64,0,65535,0,224,0,0,0,3,144,184,1,1,1,1,0,0,0,0,0,0,0,0,0,0,0
asr_pfu.exe,3,1208111618,0,0,271,224,9845,4096,32768,37772,32768,512,16777216,0,267,5,7,5,4,1,10,1,0,16,4096,28672,1024,4096,1048576,16777216,8704,4096,262144,0,2,23117,4,64,0,65535,0,232,0,0,0,3,144,184,1,1,1,1,0,0,0,0,0,0,0,0,0,0,0
asycfilt.dll,4,1208131783,0,0,8462,224,62267,4096,65536,83373,0,512,1888419840,0,267,5,7,5,4,1,10,1,10,16,4096,60416,1024,4096,1048576,1888419840,3584,4096,262144,0,3,23117,4,64,0,65535,0,224,0,0,0,3,144,184,0,1,1,1,0,0,0,0,0,0,0,1,0,0,0
asyncmac.sys,6,1208113047,0,0,270,224,11269,768,9984,14994,1024,128,65536,0,267,5,7,5,5,1,10,1,1,16,128,10496,768,4096,1048576,65536,3072,4096,262144,0,1,23117,4,64,0,65535,0,200,0,0,0,3,144,184,0,1,1,1,0,0,0,0,0,0,0,0,0,0,0
at.exe,3,1208111611,0,0,271,224,11612,4096,20480,33702,32768,512,16777216,0,267,5,7,5,4,1,10,1,0,16,4096,15360,1024,4096,1048576,16777216,12800,4096,262144,0,3,23117,4,64,0,65535,0,224,0,0,0,3,144,184,1,1,1,1,0,0,0,0,0,0,0,0,0,0,0
atapi.sys,9,1208112029,0,0,270,224,88567,896,46208,118053,0,128,65536,0,267,5,7,5,5,1,10,1,1,16,128,84864,896,4096,1048576,65536,10752,4096,262144,0,1,23117,4,64,0,65535,0,216,0,0,0,3,144,184,0,1,1,1,0,0,0,0,0,0,0,0,0,0,0
atkctrs.dll,4,998112827,0,0,8462,224,0,4096,8192,65311,0,512,1888354304,0,267,5,7,5,4,1,0,1,10,16,4096,4096,1024,4096,1048576,1888354304,15872,4096,262144,0,3,23117,4,64,0,65535,0,224,0,0,0,3,144,184,0,1,1,1,0,0,0,0,0,0,0,1,0,0,0
atl.dll,5,998112822,0,0,8462,224,11580,4096,45056,131540,0,512,1892548608,0,267,2,6,4,4,0,0,0,0,16,4096,40448,1024,4096,1048576,1892548608,33280,4096,1048576,0,2,23117,4,64,0,65535,0,248,0,0,0,3,144,184,0,1,1,1,0,0,0,0,0,0,0,1,0,0,0
atmadm.exe,3,1208112688,0,0,271,224,7293,4096,12288,33961,32768,512,16777216,0,267,5,7,5,4,1,10,1,0,16,4096,4608,1024,4096,1048576,16777216,14848,4096,262144,0,3,23117,4,64,0,65535,0,216,0,0,0,3,144,184,1,1,1,1,0,0,0,0,0,0,0,0,0,0,0
atmarpc.sys,6,1208112684,0,0,270,224,53870,768,49024,68677,0,128,65536,0,267,5,7,5,5,1,10,1,1,16,128,51712,768,4096,1048576,65536,7424,4096,262144,0,1,23117,4,64,0,65535,0,224,0,0,0,3,144,184,0,1,1,1,0,0,0,0,0,0,0,0,0,0,0
atmepvc.sys,6,998081203,0,0,270,224,26496,768,24832,69291,0,128,65536,0,267,5,7,5,5,1,0,1,1,16,128,26624,768,4096,1048576,65536,3968,4096,262144,0,1,23117,4,64,0,65535,0,200,0,0,0,3,144,184,0,1,1,1,0,0,0,0,0,0,0,0,0,0,0
atmfd.dll,6,1208131795,0,0,8462,224,80603,768,209280,310928,0,128,3220832256,0,267,5,7,5,5,1,10,1,1,16,128,209664,768,4096,1048576,3220832256,75264,4096,262144,0,1,23117,4,64,0,65535,0,216,0,0,0,3,144,184,0,1,1,1,0,0,0,0,0,0,0,1,0,0,0
atmlane.sys,6,1208112688,0,0,270,224,49925,768,49024,63792,1024,128,65536,0,267,5,7,5,5,1,10,1,1,16,128,50560,768,4096,1048576,65536,4480,4096,262144,0,1,23117,4,64,0,65535,0,216,0,0,0,3,144,184,0,1,1,1,0,0,0,0,0,0,0,0,0,0,0
atmlib.dll,4,1208131796,0,0,8462,224,18335,4096,32768,51334,0,512,1942093824,0,267,5,7,5,4,1,10,1,10,16,4096,25600,1024,4096,1048576,1942093824,4096,4096,262144,0,3,23117,4,64,0,65535,0,224,0,0,0,3,144,184,0,1,1,1,0,0,0,0,0,0,0,1,0,0,0
atmpvcno.dll,4,998112828,0,0,8462,224,19687,4096,24576,60544,0,512,1888288768,0,267,5,7,5,4,1,0,1,0,16,4096,18432,1024,4096,1048576,1888288768,15360,4096,262144,0,2,23117,4,64,0,65535,0,248,0,0,0,3,144,184,0,1,1,1,0,0,0,0,0,0,0,1,0,0,0
atmuni.sys,6,998081215,0,0,270,224,333888,768,278400,353587,0,128,65536,0,267,5,7,5,5,1,0,1,1,16,128,280320,768,4096,1048576,65536,71168,4096,262144,0,1,23117,4,64,0,65535,0,208,0,0,0,3,144,184,0,1,1,1,0,0,0,0,0,0,0,0,0,0,0
atrace.dll,4,998112829,0,0,8462,224,5197,4096,12288,51017,0,512,1888223232,0,267,5,7,5,4,1,0,1,0,16,4096,7680,1024,4096,1048576,1888223232,19968,4096,262144,0,2,23117,4,64,0,65535,0,224,0,0,0,3,144,184,0,1,1,1,0,0,0,0,0,0,0,1,0,0,0
attrib.exe,3,1208111619,0,0,271,224,9811,4096,16384,44982,32768,512,16777216,0,267,5,7,5,4,1,10,1,0,16,4096,9728,1024,4096,1048576,16777216,1536,4096,262144,0,3,23117,4,64,0,65535,0,224,0,0,0,3,144,184,1,1,1,1,0,0,0,0,0,0,0,0,0,0,0
audiosrv.dll,4,1208131802,0,0,8462,224,10763,4096,40960,107629,0,512,1888157696,0,267,5,7,5,4,1,10,1,0,16,4096,36864,1024,4096,1048576,1888157696,5120,4096,262144,0,2,23117,4,64,0,65535,0,232,0,0,0,3,144,184,0,1,1,1,0,0,0,0,0,0,0,1,0,0,0
auditusr.exe,3,1208111504,0,0,271,224,13683,4096,16384,60955,32768,512,16777216,0,267,5,7,5,4,1,10,1,0,16,4096,11776,1024,4096,1048576,16777216,1536,4096,262144,0,3,23117,4,64,0,65535,0,216,0,0,0,3,144,184,1,1,1,1,0,0,0,0,0,0,0,0,0,0,0
audstub.sys,6,998081980,0,0,270,224,1536,768,896,66993,0,128,65536,0,267,5,7,5,5,1,0,1,1,16,128,1024,768,4096,1048576,65536,1280,4096,262144,0,1,23117,4,64,0,65535,0,200,0,0,0,3,144,184,0,1,1,1,0,0,0,0,0,0,0,0,0,0,0
authz.dll,4,1208131805,0,0,8462,224,4592,4096,65536,98173,0,512,2003566592,0,267,5,7,5,4,1,10,1,10,16,4096,57344,1024,4096,1048576,2003566592,4096,4096,262144,0,3,23117,4,64,0,65535,0,232,0,0,0,3,144,184,0,1,1,1,0,0,0,0,0,0,0,1,0,0,0
autochk.exe,4,1208111619,0,0,270,224,54969,4096,380928,617071,0,512,16777216,0,267,5,7,5,5,1,10,1,1,16,4096,374784,1024,4096,1048576,16777216,213504,4096,262144,0,1,23117,4,64,0,65535,0,232,0,0,0,3,144,184,0,1,1,1,0,0,0,0,0,0,0,0,0,0,0
autoconv.exe,4,1208111619,0,0,270,224,52383,4096,393216,654611,0,512,16777216,0,267,5,7,5,5,1,10,1,1,16,4096,388608,1024,4096,1048576,16777216,214016,4096,262144,0,1,23117,4,64,0,65535,0,224,0,0,0,3,144,184,0,1,1,1,0,0,0,0,0,0,0,0,0,0,0
autodisc.dll,4,998112832,0,0,8462,224,19826,4096,28672,81115,0,512,1887961088,0,267,5,7,5,4,1,0,1,10,16,4096,24576,1024,4096,1048576,1887961088,55296,4096,262144,0,3,23117,4,64,0,65535,0,256,0,0,0,3,144,184,0,1,1,1,0,0,0,0,0,0,0,1,0,0,0
autofmt.exe,4,1208111619,0,0,270,224,50692,4096,372736,620127,0,512,16777216,0,267,5,7,5,5,1,10,1,1,16,4096,367104,1024,4096,1048576,16777216,212992,4096,262144,0,1,23117,4,64,0,65535,0,224,0,0,0,3,144,184,0,1,1,1,0,0,0,0,0,0,0,0,0,0,0
autolfn.exe,4,1208111777,0,0,270,224,8634,4096,12288,47620,0,512,16777216,0,267,5,7,5,5,1,10,1,1,16,4096,7680,1024,4096,1048576,16777216,2560,4096,262144,0,1,23117,4,64,0,65535,0,224,0,0,0,3,144,184,0,1,1,1,0,0,0,0,0,0,0,0,0,0,0
avicap32.dll,4,998112805,0,0,8462,224,7858,4096,57344,91509,0,512,1941438464,0,267,5,7,5,4,1,0,1,0,16,4096,51200,1024,4096,4096,1941438464,12800,4096,262144,0,2,23117,4,64,0,65535,0,232,0,0,0,3,144,184,0,1,1,1,0,0,0,0,0,0,0,1,0,0,0
avifil32.dll,4,1208131807,0,0,8462,224,75929,4096,81920,140088,1024,512,1941241856,0,267,5,7,5,4,1,10,1,0,16,4096,77824,1024,4096,4096,1941241856,8192,4096,262144,0,2,23117,4,64,0,65535,0,232,0,0,0,3,144,184,0,1,1,1,0,0,0,0,0,0,0,1,0,0,0
avmeter.dll,4,998112840,0,0,8462,224,12707,4096,16384,73786,0,512,1887502336,0,267,5,7,5,4,1,0,1,10,16,4096,12288,1024,4096,1048576,1887502336,3072,4096,262144,0,3,23117,4,64,0,65535,0,208,0,0,0,3,144,184,0,1,1,1,0,0,0,0,0,0,0,1,0,0,0
avtapi.dll,4,998112841,0,0,8462,224,136307,4096,163840,229258,0,512,1887240192,0,267,5,7,5,4,1,0,1,10,16,4096,159232,1024,4096,1048576,1887240192,71680,4096,262144,0,3,23117,4,64,0,65535,0,264,0,0,0,3,144,184,0,1,1,1,0,0,0,0,0,0,0,1,0,0,0
avwav.dll,4,998112842,0,0,8462,224,60991,4096,73728,83435,0,512,1887109120,0,267,5,7,5,4,1,0,1,10,16,4096,67072,1024,4096,1048576,1887109120,8704,4096,262144,0,3,23117,4,64,0,65535,0,216,0,0,0,3,144,184,0,1,1,1,0,0,0,0,0,0,0,1,0,0,0
azroles.dll,4,1208131808,0,0,8462,224,174885,4096,188416,251964,0,512,1184104448,0,267,5,7,5,4,2,10,2,10,16,4096,180736,1024,4096,1048576,1184104448,53248,4096,262144,0,3,23117,4,64,0,65535,0,240,0,0,0,3,144,184,0,1,1,1,0,0,0,0,0,0,0,1,0,0,0
basesrv.dll,4,1208111691,0,0,8462,224,45085,4096,53248,108532,0,512,1974796288,0,267,5,7,5,4,1,10,1,10,16,4096,46592,1024,4096,1048576,1974796288,6144,4096,262144,0,3,23117,4,64,0,65535,0,216,0,0,0,3,144,184,0,1,1,1,0,0,0,0,0,0,0,1,0,0,0
batmeter.dll,4,1208131742,0,0,8462,224,4886,4096,20480,34259,0,512,1957625856,0,267,5,7,5,4,1,10,1,10,16,4096,14336,1024,4096,1048576,1957625856,13824,4096,262144,0,2,23117,4,64,0,65535,0,232,0,0,0,3,144,184,0,1,1,1,0,0,0,0,0,0,0,1,0,0,0
batt.dll,4,1208131743,0,0,8462,224,5733,4096,8192,44569,1024,512,1887043584,0,267,5,7,5,4,1,10,1,0,16,4096,3584,1024,4096,1048576,1887043584,4096,4096,262144,0,2,23117,4,64,0,65535,0,216,0,0,0,3,144,184,0,1,1,1,0,0,0,0,0,0,0,1,0,0,0
battc.sys,8,1208111792,0,0,270,224,7429,896,3456,67491,9216,128,65536,0,267,5,7,5,1,1,10,1,10,16,128,6656,896,4096,1048576,65536,6656,4096,262144,0,1,23117,4,64,0,65535,0,224,0,0,0,3,144,184,0,1,1,1,0,0,0,0,0,0,0,0,0,0,0
bckg.dll,4,998112824,0,0,8462,224,66635,4096,73728,116943,0,512,1886912512,0,267,4,6,4,4,0,0,0,0,16,4096,66560,1024,4096,1048576,1886912512,15360,4096,1048576,0,2,23117,4,64,0,65535,0,232,0,0,0,3,144,184,0,1,1,1,0,0,0,0,0,0,0,1,0,0,0
bckgres.dll,3,998112825,0,0,8462,224,0,4096,8192,1830185,0,512,1885011968,0,267,4,6,4,4,0,0,0,0,16,4096,512,1024,4096,1048576,1885011968,1816064,4096,1048576,0,2,23117,4,64,0,65535,0,216,0,0,0,3,144,184,0,1,1,1,0,0,0,0,0,0,0,1,0,0,0
bckgzm.exe,3,990825149,0,0,271,224,12168,4096,16384,47555,0,512,16777216,0,267,4,6,4,4,0,0,0,0,16,4096,9728,1024,4096,1048576,16777216,31744,4096,1048576,0,2,23117,4,64,0,65535,0,232,0,0,0,3,144,184,1,1,1,1,0,0,0,0,0,0,0,0,0,0,0
beep.sys,5,998081253,0,0,270,224,1644,768,1920,51244,0,128,65536,0,267,5,7,5,5,1,0,1,1,16,128,1920,768,4096,1048576,65536,1536,4096,262144,0,1,23117,4,64,0,65535,0,208,0,0,0,3,144,184,0,1,1,1,0,0,0,0,0,0,0,0,0,0,0
bidispl.dll,4,1208131746,0,0,8462,224,16094,4096,20480,27682,0,512,1882324992,0,267,5,7,5,4,1,10,1,0,16,4096,13824,1024,4096,1048576,1882324992,2560,4096,262144,0,3,23117,4,64,0,65535,0,232,0,0,0,3,144,184,0,1,1,1,0,0,0,0,0,0,0,1,0,0,0
bitsprx2.dll,5,1208131747,0,0,8462,224,6255,4096,12288,36409,1024,512,1961951232,0,267,5,7,5,4,1,10,1,0,16,4096,4608,1024,4096,1048576,1961951232,2560,4096,262144,0,3,23117,4,64,0,65535,0,224,0,0,0,3,144,184,0,1,1,1,0,0,0,0,0,0,0,1,0,0,0
bitsprx3.dll,5,1208131748,0,0,8462,224,5864,4096,12288,46553,1024,512,1263206400,0,267,5,7,5,4,1,10,1,0,16,4096,3584,1024,4096,1048576,1263206400,2560,4096,262144,0,3,23117,4,64,0,65535,0,224,0,0,0,3,144,184,0,1,1,1,0,0,0,0,0,0,0,1,0,0,0
bitsprx4.dll,5,1208131749,0,0,8462,224,5432,4096,12288,54619,1024,512,1114439680,0,267,5,7,5,4,1,10,1,0,16,4096,3584,1024,4096,1048576,1114439680,2560,4096,262144,0,3,23117,4,64,0,65535,0,224,0,0,0,3,144,184,0,1,1,1,0,0,0,0,0,0,0,1,0,0,0
blackbox.dll,4,1208131750,0,0,8462,224,40716,4096,155648,348415,0,512,1274413056,0,267,21315,7,5,4,20512,10,1,0,16,4096,269312,1024,4096,1048576,1274413056,17408,4096,262144,0,2,23117,4,64,0,65535,0,256,0,0,0,3,144,184,0,1,1,1,0,0,0,0,0,0,0,1,0,0,0
blastcln.exe,3,1208112080,0,0,271,224,21440,4096,69632,87793,32768,512,16777216,0,267,5,7,5,4,1,10,1,0,16,4096,65024,1024,4096,1048576,16777216,12288,4096,262144,0,3,23117,4,64,0,65535,0,216,0,0,0,3,144,184,1,1,1,1,0,0,0,0,0,0,0,0,0,0,0
bnts.dll,4,998112855,0,0,8462,224,117662,4096,139264,215620,0,512,1881604096,0,267,5,7,5,4,1,0,1,0,16,4096,133120,1024,4096,1048576,1881604096,22016,4096,262144,0,2,23117,4,64,0,65535,0,240,0,0,0,3,144,184,0,1,1,1,0,0,0,0,0,0,0,1,0,0,0
bootcfg.exe,4,1208111921,0,0,271,224,47252,4096,69632,159282,32768,512,16777216,0,267,5,7,5,4,1,10,1,0,16,4096,64000,1024,4096,1048576,16777216,77824,4096,262144,0,3,23117,4,64,0,65535,0,216,0,0,0,3,144,184,1,1,1,1,0,0,0,0,0,0,0,0,0,0,0
bootok.exe,3,998081891,0,0,271,224,4301,4096,8192,44668,32768,512,16777216,0,267,5,7,5,4,1,0,1,0,16,4096,1536,1024,4096,1048576,16777216,2048,4096,262144,0,3,23117,4,64,0,65535,0,208,0,0,0,3,144,184,1,1,1,1,0,0,0,0,0,0,0,0,0,0,0
bootvid.dll,6,998081349,0,0,8462,224,6258,768,6400,41836,0,128,2147549184,0,267,5,7,5,5,1,0,1,1,16,128,6144,768,4096,1048576,2147549184,5376,4096,262144,0,1,23117,4,64,0,65535,0,208,0,0,0,3,144,184,0,1,1,1,0,0,0,0,0,0,0,1,0,0,0
bootvrfy.exe,3,998081891,0,0,271,224,4720,4096,8192,48799,32768,512,16777216,0,267,5,7,5,4,1,0,1,0,16,4096,2048,1024,4096,1048576,16777216,2048,4096,262144,0,3,23117,4,64,0,65535,0,208,0,0,0,3,144,184,1,1,1,1,0,0,0,0,0,0,0,0,0,0,0
bridge.sys,7,1208112801,0,0,270,224,62597,768,55552,115364,1024,128,65536,0,267,5,7,5,5,1,10,1,1,16,128,58112,768,4096,1048576,65536,12672,4096,262144,0,1,23117,4,64,0,65535,0,208,0,0,0,3,144,184,0,1,1,1,0,0,0,0,0,0,0,0,0,0,0
browselc.dll,2,1208106204,0,0,8462,224,0,4096,4096,74854,1024,512,1902116864,0,267,5,7,5,4,1,10,1,0,16,4096,0,1024,4096,1048576,1902116864,62464,4096,262144,0,2,23117,4,64,0,65535,0,192,0,0,0,3,144,184,0,1,1,1,0,0,0,0,0,0,0,1,0,0,0
browser.dll,4,1208131751,0,0,8462,224,5394,4096,73728,96374,0,512,1993998336,0,267,5,7,5,4,1,10,1,0,16,4096,70656,1024,4096,1048576,1993998336,6656,4096,262144,0,2,23117,4,64,0,65535,0,224,0,0,0,3,144,184,0,1,1,1,0,0,0,0,0,0,0,1,0,0,0
browseui.dll,4,1208131752,0,0,8462,224,14074,4096,548864,1068592,0,512,1979187200,0,267,5,7,5,4,1,10,1,0,16,4096,548352,1024,4096,1048576,1979187200,478208,4096,262144,0,2,23117,4,64,0,65535,0,240,0,0,0,3,144,184,0,1,1,1,0,0,0,0,0,0,0,1,0,0,0
browsewm.dll,4,1208131753,0,0,8462,224,60769,4096,69632,139642,0,512,1877278720,0,267,5,7,5,4,1,10,1,0,16,4096,62464,1024,4096,1048576,1877278720,15360,4096,262144,0,2,23117,4,64,0,65535,0,232,0,0,0,3,144,184,0,1,1,1,0,0,0,0,0,0,0,1,0,0,0
brpinfo.dll,4,998112879,0,0,8462,224,16027,4096,20480,60650,0,512,1877213184,0,267,5,7,5,4,1,0,1,0,16,4096,14336,1024,4096,1048576,1877213184,6656,4096,262144,0,2,23117,4,64,0,65535,0,232,0,0,0,3,144,184,0,1,1,1,0,0,0,0,0,0,0,1,0,0,0
bthci.dll,4,1208131754,0,0,8462,224,7145,4096,20480,64228,0,512,1807941632,0,267,5,7,5,4,1,10,1,10,16,4096,12800,1024,4096,1048576,1807941632,7680,4096,262144,0,3,23117,4,64,0,65535,0,232,0,0,0,3,144,184,0,1,1,1,0,0,0,0,0,0,0,1,0,0,0
bthserv.dll,5,1208131756,0,0,8462,224,23204,4096,32768,48946,0,512,1275527168,0,267,5,7,5,4,1,10,1,10,16,4096,26112,1024,4096,1048576,1275527168,3072,4096,262144,0,3,23117,4,64,0,65535,0,224,0,0,0,3,144,184,0,1,1,1,0,0,0,0,0,0,0,1,0,0,0
btpanui.dll,5,1208131757,0,0,8462,224,38935,4096,53248,90535,0,512,1901527040,0,267,5,7,5,4,1,10,1,0,16,4096,42496,1024,4096,1048576,1901527040,7680,4096,262144,0,2,23117,4,64,0,65535,0,232,0,0,0,3,144,184,0,1,1,1,0,0,0,0,0,0,0,1,0,0,0
cabinet.dll,4,1208131743,0,0,11534,224,4240,4096,61440,110842,1024,512,1964310528,0,267,5,7,5,4,1,10,1,0,16,4096,56832,1024,4096,1048576,1964310528,6656,4096,262144,0,2,23117,4,64,0,65535,0,232,0,0,0,3,144,184,0,1,1,1,0,0,0,0,1,1,0,1,0,0,0
cabview.dll,4,1208131744,0,0,8462,224,22335,4096,28672,110419,0,512,1876164608,0,267,5,7,5,4,1,10,1,10,16,4096,24064,1024,4096,1048576,1876164608,59392,4096,262144,0,2,23117,4,64,0,65535,0,224,0,0,0,3,144,184,0,1,1,1,0,0,0,0,0,0,0,1,0,0,0
cacls.exe,3,1208112082,0,0,271,224,15045,4096,20480,31973,32768,512,16777216,0,267,5,7,5,4,1,10,1,0,16,4096,13312,1024,4096,1048576,16777216,5632,4096,262144,0,3,23117,4,64,0,65535,0,224,0,0,0,3,144,184,1,1,1,1,0,0,0,0,0,0,0,0,0,0,0
calc.exe,3,998081552,0,0,271,224,74869,4096,81920,120828,32768,512,16777216,0,267,5,7,5,4,1,0,1,0,16,4096,75776,1024,4096,1048576,16777216,39936,4096,262144,0,2,23117,4,64,0,65535,0,240,0,0,0,3,144,184,1,1,1,1,0,0,0,0,0,0,0,0,0,0,0
callcont.dll,4,1208131745,0,0,8462,224,343838,4096,352256,400466,1024,4096,1968504832,0,267,5,7,5,4,1,10,1,0,16,4096,348160,4096,4096,1048576,1968504832,53248,4096,262144,0,2,23117,4,64,0,65535,0,224,0,0,0,3,144,184,0,1,1,1,0,0,0,0,0,0,0,1,0,0,0
camocx.dll,4,1208131747,0,0,8462,224,34750,4096,40960,79580,0,512,1875509248,0,267,5,7,5,4,1,10,1,0,16,4096,36864,1024,4096,1048576,1875509248,13312,4096,262144,0,2,23117,4,64,0,65535,0,232,0,0,0,3,144,184,0,1,1,1,0,0,0,0,0,0,0,1,0,0,0
capesnpn.dll,4,1208131748,0,0,8462,224,81412,4096,94208,163362,0,512,1875312640,0,267,5,7,5,4,1,10,1,10,16,4096,89600,1024,4096,1048576,1875312640,61440,4096,262144,0,3,23117,4,64,0,65535,0,232,0,0,0,3,144,184,0,1,1,1,0,0,0,0,0,0,0,1,0,0,0
cards.dll,4,998112835,0,0,8462,224,4230,4096,8192,406109,0,512,1874919424,0,267,5,7,5,4,1,0,1,0,16,4096,3072,1024,4096,1048576,1874919424,356352,4096,262144,0,2,23117,4,64,0,65535,0,224,0,0,0,3,144,184,0,1,1,1,0,0,0,0,0,0,0,1,0,0,0
catsrv.dll,4,1208131749,0,0,8462,224,5999,4096,196608,275293,0,512,1874657280,0,267,5,7,5,4,1,10,1,0,16,4096,185344,1024,4096,1048576,1874657280,53248,4096,262144,0,2,23117,4,64,0,65535,0,240,0,0,0,3,144,184,0,1,1,1,0,0,0,0,0,0,0,1,0,0,0
catsrvps.dll,5,1208131750,0,0,8462,224,4609,4096,86016,129377,0,512,1874526208,0,267,5,7,5,4,1,10,1,0,16,4096,77824,1024,4096,1048576,1874526208,6656,4096,262144,0,2,23117,4,64,0,65535,0,216,0,0,0,3,144,184,0,1,1,1,0,0,0,0,0,0,0,1,0,0,0
catsrvut.dll,4,1208131751,0,0,8462,224,8560,4096,565248,678503,0,512,1873870848,0,267,5,7,5,4,1,10,1,0,16,4096,552960,1536,4096,1048576,1873870848,83456,4096,262144,0,2,23117,4,64,0,65535,0,232,0,0,0,3,144,184,0,1,1,1,0,0,0,0,0,0,0,1,0,0,0
cb32.exe,2,998081348,0,0,271,224,4950,4096,8192,23186,32768,4096,4194304,0,267,5,7,5,4,1,0,1,0,16,4096,4096,4096,4096,1048576,4194304,4096,4096,262144,0,2,23117,4,64,0,65535,0,208,0,0,0,3,144,184,1,1,1,1,0,0,0,0,0,0,0,0,0,0,0
cbidf2k.sys,5,998081526,0,0,270,224,11488,768,11776,26003,0,128,65536,0,267,5,7,5,5,1,0,1,1,16,128,11648,768,4096,1048576,65536,1536,4096,262144,0,1,23117,4,64,0,65535,0,216,0,0,0,3,144,184,0,1,1,1,0,0,0,0,0,0,0,0,0,0,0
ccfgnt.dll,4,998112841,0,0,8462,224,0,4096,28672,90275,0,512,1873608704,0,267,5,7,5,4,1,0,1,0,16,4096,23040,1024,4096,4096,1873608704,4096,4096,262144,0,2,23117,4,64,0,65535,0,240,0,0,0,3,144,184,0,1,1,1,0,0,0,0,0,0,0,1,0,0,0
cdaudio.sys,7,998081546,0,0,270,224,16384,768,3840,64307,0,128,65536,0,267,5,7,5,5,1,0,1,1,16,128,16128,768,4096,1048576,65536,1792,4096,262144,0,1,23117,4,64,0,65535,0,200,0,0,0,3,144,184,0,1,1,1,0,0,0,0,0,0,0,0,0,0,0
cdfs.sys,7,1208114061,0,0,270,224,55941,768,7424,75684,0,128,65536,0,267,5,7,5,5,1,10,1,1,16,128,57856,768,4096,1048576,65536,5120,4096,262144,0,1,23117,4,64,0,65535,0,216,0,0,0,3,144,184,0,1,1,1,0,0,0,0,0,0,0,0,0,0,0
cdfview.dll,4,1208131752,0,0,8462,224,5130,4096,73728,186780,1024,512,1873412096,0,267,5,7,5,4,1,10,1,0,16,4096,67584,1024,4096,1048576,1873412096,82432,4096,262144,0,2,23117,4,64,0,65535,0,232,0,0,0,3,144,184,0,1,1,1,0,0,0,0,0,0,0,1,0,0,0
cdm.dll,4,1208111939,0,0,8462,224,41031,4096,65536,118248,0,512,1353187328,0,267,5,7,5,4,1,10,1,0,16,4096,60416,1024,4096,1048576,1353187328,6656,4096,262144,0,2,23117,4,64,0,65535,0,240,0,0,0,3,144,184,0,1,1,1,0,0,0,0,0,0,0,1,0,0,0
cdmodem.dll,4,998112844,0,0,8462,224,4820,4096,16384,16392,0,512,1873281024,0,267,5,7,5,4,1,0,1,0,16,4096,12288,1024,4096,1048576,1873281024,2560,4096,262144,0,3,23117,4,64,0,65535,0,208,0,0,0,3,144,184,0,1,1,1,0,0,0,0,0,0,0,1,0,0,0
cdosys.dll,4,1208131885,0,0,8462,224,378016,4096,651264,2114438,0,512,1197473792,0,267,5,7,5,4,1,10,1,10,16,4096,647168,1024,4096,1048576,1197473792,1443328,4096,262144,0,3,23117,4,64,0,65535,0,232,0,0,0,3,144,184,0,1,1,1,0,0,0,0,0,0,0,1,0,0,0
cdrom.sys,11,1208112045,0,0,270,224,55282,896,46848,99620,1024,128,65536,0,267,5,7,5,5,1,10,1,1,16,128,54784,896,4096,1048576,65536,7296,4096,262144,0,1,23117,4,64,0,65535,0,208,0,0,0,3,144,184,0,1,1,1,0,0,0,0,0,0,0,0,0,0,0
certcli.dll,5,1208131753,0,0,8462,224,6161,4096,172032,236402,0,512,2008612864,0,267,5,7,5,4,1,10,1,10,16,4096,155648,1024,4096,1048576,2008612864,37888,4096,262144,0,3,23117,4,64,0,65535,0,240,0,0,0,3,144,184,0,1,1,1,0,0,0,0,0,0,0,1,0,0,0
certmgr.dll,4,1208131754,0,0,8462,224,271300,4096,327680,484921,0,512,1724973056,0,267,5,7,5,4,1,10,1,0,16,4096,321536,1536,4096,1048576,1724973056,143872,4096,262144,0,2,23117,4,64,0,65535,0,240,0,0,0,3,144,184,0,1,1,1,0,0,0,0,0,0,0,1,0,0,0
cewmdm.dll,4,1208131757,0,0,8462,224,132295,4096,139264,194410,0,512,1868759040,0,267,5,7,5,4,2,10,2,0,16,4096,134144,1024,4096,1048576,1868759040,29184,4096,262144,0,2,23117,4,64,0,65535,0,272,0,0,0,3,144,184,0,1,1,1,0,0,0,0,0,0,0,1,0,0,0
cfgbkend.dll,4,1208131758,0,0,8462,224,31448,4096,36864,92415,1024,512,1868693504,0,267,5,7,5,4,1,10,1,0,16,4096,31232,1024,4096,1048576,1868693504,7680,4096,262144,0,2,23117,4,64,0,65535,0,224,0,0,0,3,144,184,0,1,1,1,0,0,0,0,0,0,0,1,0,0,0
cfgmgr32.dll,3,1208131759,0,0,8462,224,0,4096,4096,45692,1024,512,1957560320,0,267,5,7,5,4,1,10,1,0,16,4096,0,1024,4096,1048576,1957560320,15872,4096,262144,0,2,23117,4,64,0,65535,0,192,0,0,0,3,144,184,0,1,1,1,0,0,0,0,0,0,0,1,0,0,0
charmap.exe,3,998081575,0,0,271,224,43821,4096,49152,108652,32768,512,16777216,0,267,5,7,5,4,1,0,1,0,16,4096,45056,1024,4096,1048576,16777216,169472,16384,262144,0,2,23117,4,64,0,65535,0,240,0,0,0,3,144,184,1,1,1,1,0,0,0,0,0,0,0,0,0,0,0
chkdsk.exe,3,998081568,0,0,303,224,9598,4096,16384,41376,32768,512,16777216,0,267,5,7,5,4,1,0,1,0,16,4096,9216,1024,4096,1048576,16777216,1536,4096,262144,0,3,23117,4,64,0,65535,0,224,0,0,0,3,144,184,1,1,1,1,0,1,0,0,0,0,0,0,0,0,0
chkntfs.exe,3,998081569,0,0,271,224,8695,4096,16384,71770,32768,512,16777216,0,267,5,7,5,4,1,0,1,0,16,4096,8704,1024,4096,1048576,16777216,1536,4096,262144,0,3,23117,4,64,0,65535,0,224,0,0,0,3,144,184,1,1,1,1,0,0,0,0,0,0,0,0,0,0,0
chkr.dll,4,998112858,0,0,8462,224,31451,4096,36864,48421,0,512,1868627968,0,267,4,6,4,4,0,0,0,0,16,4096,31232,1024,4096,1048576,1868627968,8704,4096,1048576,0,2,23117,4,64,0,65535,0,240,0,0,0,3,144,184,0,1,1,1,0,0,0,0,0,0,0,1,0,0,0
chkrres.dll,3,998112859,0,0,8462,224,0,4096,8192,819091,0,512,1867776000,0,267,4,6,4,4,0,0,0,0,16,4096,512,1024,4096,1048576,1867776000,779264,4096,1048576,0,2,23117,4,64,0,65535,0,216,0,0,0,3,144,184,0,1,1,1,0,0,0,0,0,0,0,1,0,0,0
chkrzm.exe,3,990825150,0,0,271,224,12168,4096,16384,89407,0,512,16777216,0,267,4,6,4,4,0,0,0,0,16,4096,9728,1024,4096,1048576,16777216,31744,4096,1048576,0,2,23117,4,64,0,65535,0,232,0,0,0,3,144,184,1,1,1,1,0,0,0,0,0,0,0,0,0,0,0
ciadmin.dll,4,998112860,0,0,8478,224,63458,4096,81920,223834,0,512,1867579392,0,267,5,7,5,5,1,0,1,0,16,4096,75776,1024,4096,1048576,1867579392,86528,4096,262144,0,3,23117,4,64,0,65535,0,232,0,0,0,3,144,184,0,1,1,1,1,0,0,0,0,0,0,1,0,0,0
cic.dll,4,1208131764,0,0,8462,224,93905,4096,106496,170695,0,512,1196556288,0,267,5,7,5,5,2,10,2,0,16,4096,100352,1024,4096,1048576,1196556288,48128,4096,262144,0,2,23117,4,64,0,65535,0,232,0,0,0,3,144,184,0,1,1,1,0,0,0,0,0,0,0,1,0,0,0
cidaemon.exe,3,998081772,0,0,287,224,6259,4096,12288,30227,32768,512,16777216,0,267,5,7,5,5,1,0,1,0,16,4096,5632,1024,4096,1048576,16777216,1536,4096,262144,0,3,23117,4,64,0,65535,0,232,0,0,0,3,144,184,1,1,1,1,1,0,0,0,0,0,0,0,0,0,0
cimwin32.dll,4,1208131765,0,0,8462,224,838556,4096,1220608,1360393,0,512,1185546240,0,267,5,7,5,4,1,10,1,10,16,4096,1216512,1024,4096,1048576,1185546240,153600,4096,262144,0,3,23117,4,64,0,65535,0,240,0,0,0,3,144,184,0,1,1,1,0,0,0,0,0,0,0,1,0,0,0
cinemst2.sys,6,998082122,0,0,270,224,88222,768,103808,318162,0,128,65536,0,267,5,7,5,5,1,0,1,1,16,128,104960,768,4096,1048576,65536,156800,4096,262144,0,1,23117,4,64,0,65535,0,216,0,0,0,3,144,184,0,1,1,1,0,0,0,0,0,0,0,0,0,0,0
